id,task,prompt,my_naturalness_1to5,notes
knowledge|20#1,knowledge,እባክዎን ለሚከተለው ጥያቄ መልስ ይስጡ፡ በተራራማ አካባቢዎች የአፈር መሸራሸትን ለመቀነስ አዝመራን በደረጃ መልክ ማዘጋጀት ለምን ያስፈልጋል?,,
knowledge|46#4,knowledge,"ስለሚከተለው ጥያቄ ግልጽ እና አጭር መልስ ስጥ፡
በኢትዮጵያ የነበረው የንጉሠ ነገሥት ሥርዓት በዓለም አቀፍ ደረጃ እንዴት ይታወቅ ነበር?",,
knowledge|3#4,knowledge,የአልጄሪያ ሕዝብ ከፈረንሳይ ቅኝ ግዛት ነጻ ለመውጣት ያደረገው ትግል ምንን መሰረት ያደረገ ነበር?,,
knowledge|19#2,knowledge,የቡና ፍሬ ከዛፍ ላይ ከተሰበሰበ በኋላ ለተሻለ ጣዕም እንዲሆን እንዴት ይታጠባል?,,
knowledge|4#3,knowledge,የአክሱም ስልጣኔ ለቀይ ባህር ቅርብ መሆኑ ለኢኮኖሚ እድገቱና ለኃያልነቱ እንዴት እንደረዳው አብራራ።,,
knowledge|7#6,knowledge,"ስለሚከተለው ጥያቄ ግልጽ እና አጭር መልስ ስጥ፡
ለሕፃናት እድገት ቫይታሚን ኤ ያለው ፋይዳ ምንድን ነው?",,
knowledge|38#8,knowledge,በገበያ ውስጥ የምንገዛቸውን ምግቦች ጥራት እንዴት ማረጋገጥ እንችላለን?,,
knowledge|25#7,knowledge,የአክሲዮን ገበያ መለዋወጥ ምን ምን ምክንያቶች ሊኖሩት ይችላሉ?,,
knowledge|7#8,knowledge,በጨቅላ ሕፃናት ላይ አፋጣኝ የሕክምና እርዳታ የሚያስፈልጋቸው የአደጋ ምልክቶች የትኞቹ ናቸው?,,
knowledge|41#0,knowledge,የመስቀል በዓል በኢትዮጵያ ሲከበር ምን ዓይነት ትርጉም አለው?,,
knowledge|48#9,knowledge,እባክዎን ለሚከተለው ጥያቄ መልስ ይስጡ፡ በእርግዝና ወቅት ከፍተኛ የደም ግፊት መኖር ለምን አደገኛ ሊሆን ይችላል?,,
knowledge|50#2,knowledge,"ስለሚከተለው ጥያቄ ግልጽ እና አጭር መልስ ስጥ፡
በቤት ውስጥ ያለን የቆሻሻ ማስወገጃ ሥርዓት እንዴት ማሻሻል ይቻላል?",,
knowledge|11#4,knowledge,እባክዎን ለሚከተለው ጥያቄ መልስ ይስጡ፡ የእጅ ወይም የግርጌ ቁስል በንጹህ ውሃና በሳሙና መታጠብ ለምን ያስፈልጋል?,,
comprehension|104#2,comprehension,"ይህን ምንባብ መሠረት በማድረግ ለጥያቄው መልስ ስጥ።

ምንባብ፡ በታችኛው የኢትዮጵያ ተፋሰስ አካባቢዎች የሚገኙ ትላልቅ የግብርና ማሳዎች በፓምፕ አማካኝነት ከወንዞች ውሃ በመሳብ ለሰብል እርባታ ይጠቀማሉ። ይህ የፓምፕ የመስኖ ዘዴ ለትላልቅ የጥራጥሬ ሰብሎች እና ለተክሎች በከፍተኛ መጠን ውሃ ለማቅረብ በጣም አመቺ ነው። የፓምፕ ማሽኖችን በብቃት ለመጠቀም የቴክኒክ እውቀት እና መደበኛ የጥገና አገልግሎት ማግኘት ለስራው ቀጣይነት ወሳኝ ነው። የውሃ ፍሰቱን ለመቆጣጠር እና አላስፈላጊ የውሃ ብክነትን ለመቀነስ የኤሌክትሪክ ወይም የነዳጅ ፓምፖችን መጠቀም ይቻላል። የውሃ አቅርቦቱ በቂ እንዳይሆን በማድረግ የአፈር መበላሸትን ለመከላከል የውሃ መፍሰሻ መንገዶችን በጥንቃቄ መቅረጽ ያስፈልጋል። አርሶ አደሮች በየወቅቱ የፓምፕ ማሽኖቻቸውን በመፈተሽ እና የቧንቧ መስመሮቻቸውን በማስተካከል የውሃ አቅርቦት እንዳይቋረጥ ማድረግ ይችላሉ። የውሃ አጠቃቀምን በዘመናዊ መንገድ ማስተዳደር ለግብርና ምርታማነት እና ለኢኮኖሚ እድገት መሰረት ነው።

ጥያቄ፡ የፓምፕ የመስኖ ዘዴን በብቃት ለመጠቀም ምን መሰረታዊ ነገሮች ያስፈልጋሉ?",,
comprehension|46#0,comprehension,"ከዚህ በታች የቀረበውን መረጃ በመጠቀም ለጥያቄው መልስ ስጥ።

Context:
በአስራ ሁለት ሰኔ ቀን መቶ ዘጠኝ ዓመተ ምህረት በሰሜን አቅጣጫ በሚገኘው የዝቅታ ተራራ አካባቢ የሰላም አቀባበል ማህበር አዲስ የንግድ መስመር ከፍቷል። ይህ ድርጅት በከተማዋ ውስጥ ለሚገኙ አምስት መካከለኛ ድርጅቶች በየሳምንቱ ሁለት ሚሊዮን ብር የሚደርስ የገንዘብ ድጋፍ ለመስጠት በውል ተስማምቷል። የድርጅቱ መሪ አቶ በቀለ ተስፋዬ በሰጡት መግለጫ መሰረት ይህ ፕሮጀክት በክልሉ ውስጥ ለሚገኙ ሁለት መቶ አርባ አዳዲስ ሰራተኞች የስራ እድል ይፈጥራል። በዝቅታ ተራራ አካባቢ የሚገኙ አምስት ትላልቅ ፋብሪካዎች ከዚህ አዲስ የንግድ እንቅስቃሴ ጋር ተባብረው ለመስራት ዝግጅታቸውን አጠናቀዋል። ማህበሩ ለዚህ ስራ የሚያስፈልገውን መሠረተ ልማት ለመገንባት ከባንኩ ጋር በሰባት ዓመታት የብድር ስምምነት ላይ ደርሷል።

የሰላም አቀባበል ማህበር ለሚገኙ አምስት መካከለኛ ድርጅቶች በየሳምንቱ ምን ያህል የገንዘብ ድጋፍ ለመስጠት ተስማምቷል?",,
comprehension|279#2,comprehension,"የተሰጠውን ጽሑፍ በጥንቃቄ ካነበብክ በኋላ የቀረበውን ጥያቄ መልስ።

ጽሑፍ፡ በኢትዮጵያ ውስጥ የፀሐይ ኃይል መሠረተ ልማትን ለማሳደግ የተለያዩ የግልና የመንግሥት ድርጅቶች በጋራ እየሠሩ ይገኛሉ። እነዚህ ድርጅቶች የፀሐይ ፓነሎችንና የባትሪ መሙያ መሣሪያዎችን ለሕዝብ ተደራሽ ለማድረግ የተለያዩ ስልቶችን እየተገበሩ ነው። የፀሐይ ኃይል መሣሪያዎች ጥራትና አስተማማኝነት እንዲኖራቸው የጥራት ቁጥጥር ሥራዎች በየደረጃው በጥብቅ ይከናወናሉ። በከተማ አካባቢዎች የሚገኙ ትናንሽ የንግድ ድርጅቶች የፀሐይ ኃይልን በመጠቀም የኤሌክትሪክ ወጪያቸውን በከፍተኛ ሁኔታ መቀነስ ይችላሉ። የፀሐይ ኃይል መሣሪያዎችን ለመግዛት የሚያስፈልገውን የፋይናንስ አቅርቦት ለማመቻቸት አዳዲስ የብድር ሥርዓቶች እየተዘረጋ ነው። የፀሐይ ኃይል ቴክኖሎጂን መጠቀም የአካባቢን ሥነ-ምህዳር ሳይጎዳ የኤሌክትሪክ ኃይል ለማግኘት የሚያስችል ምርጥ አማራጭ ነው። በየአካባቢው የሚገኙ የቴክኖሎጂ ማዕከላት የፀሐይ ኃይል መሣሪያዎችን እንዴት መሠረታዊ ጥገና ማድረግ እንደሚቻል ለሠራተኞች ሥልጠና ይሰጣሉ። የፀሐይ ኃይል አጠቃቀም በሀገሪቱ የኢኮኖሚ ዕድገት ላይ የሚያበረክተው አስተዋጽኦ ከጊዜ ወደ ጊዜ እየጨመረ መጥቷል። የፀሐይ ኃይል መሣሪያዎች በኢትዮጵያ ውስጥ በስፋት ጥቅም ላይ መዋላቸው ለወደፊቱ የኃይል ፍላጎት መፍትሔ ይሆናል። የፀሐይ ኃይል ቴክኖሎጂን ተጠቃሚ የሚያደርጉ የዲጂታል መረጃዎችና መመሪያዎች ለሕዝቡ በሰፊው እየተሰራጩ ነው።

ጥያቄ፡ የፀሐይ ኃይል መሣሪያዎችን ጥራትና አስተማማኝነት ለማረጋገጥ ምን ዓይነት ተግባራት ይከናወናሉ?",,
comprehension|112#2,comprehension,"ምንባቡን ካነበብሽ በኋላ ለጥያቄው መልስ ስጪ።

Context:
በጥር አሥራ ሁለት ቀን በሰሜን ተራራማ አካባቢ በሚገኘው የንጋት ከተማ የዲጂታል ክፍያ አገልግሎት ተጠቃሚዎች ቁጥር በከፍተኛ ሁኔታ ጨምሯል። የከተማዋ ነዋሪዎች በብዛት የሚጠቀሙት የሰማይ ሰማያዊ የገንዘብ አገልግሎት በሞባይል ስልክ አማካኝነት የዕለት ተዕለት ግብይቶችን ለማከናወን ይረዳቸዋል። የንግድ ማኅበሩ ፕሬዝዳንት ወይዘሮ ማርታ አበበ እንደገለጹት የዲጂታል ክፍያ አጠቃቀም በከተማዋ ውስጥ ያለውን የንግድ እንቅስቃሴ በጣም አቀላጥፎታል። የሞባይል ገንዘብ አገልግሎቱ በየቀኑ በአማካይ ሁለት ሚሊዮን ብር የሚያክል የገንዘብ ዝውውር በከተማዋ ውስጥ እንዲካሄድ አድርጓል። የዲጂታል ክፍያ አጠቃቀምን ለማበረታታት ሲባል የከተማዋ አስተዳደር ለተጠቃሚዎች ልዩ የቅናሽ አገልግሎቶችን ለመስጠት አቅዷል። ይህ አዲስ የቴክኖሎጂ አቅጣጫ በከተማዋ ውስጥ ያለውን የፋይናንስ ተደራሽነት ለማሳደግ ትልቅ ዕድል እንደሚፈጥር ተገልጿል።

በንጋት ከተማ የዲጂታል ክፍያ አገልግሎት ተጠቃሚዎች ቁጥር መጨመር በንግድ እንቅስቃሴ ላይ ምን ዓይነት ለውጥ አምጥቷል?",,
comprehension|99#0,comprehension,"ከዚህ በታች ያለውን ምንባብ አንብበህ ጥያቄውን መልስ።

Context:
በየቀኑ የምንጠቀማቸው የቤት ውስጥ የጽዳት ሳሙናዎች በውስጣቸው ያሉ ኬሚካሎች በቆሻሻ ላይ ያለውን ውኃ የመሳብ አቅም በመጨመር ቅባትን በቀላሉ እንዲወገድ ያደርጋሉ። እነዚህ ንጥረ ነገሮች በውኃ እና በዘይት መካከል ያለውን ትስስር በማጥፋት የቆሻሻውን ቅንጣት በውኃ ውስጥ እንዲበተን በማድረግ ንጽህናን ይፈጥራሉ። ሳሙናው በውኃ ላይ ሲቀላቀል ትናንሽ ክበቦችን በመፍጠር በውስጣቸው ቅባትን በመያዝ ወደ ውኃው እንዲፈስ ያደርገዋል።

ሳሙና በውኃ ላይ ሲቀላቀል ቅባትን እንዴት ይይዛል?",,
comprehension|66#1,comprehension,"ምንባቡን ካነበብሽ በኋላ ለጥያቄው መልስ ስጪ።

Context:
የአባይ ሸለቆ የፋይናንስ ተቋም በታህሳስ ወር መጨረሻ ላይ በሰሜን ተራራ አካባቢ በሚገኙ አምስት አዳዲስ የንግድ ማህበራት ላይ የ፪፻ ሚሊዮን ብር ብድር ለመስጠት መወሰኑን በይፋ አሳውቋል። ይህ የብድር ስምምነት በድርጅቱ ዋና ስራ አስኪያጅ በወይዘሪት ሳራ አበበ አማካኝነት የተመራ ሲሆን ዓላማውም በአካባቢው ያለውን የንግድ እንቅስቃሴ ማሳደግ ነው። ማህበራቱ ይህንን የገንዘብ ድጋፍ በመጠቀም አዳዲስ የንግድ መሸጫዎችንና የትራንስፖርት አገልግሎቶችን ለማስፋፋት በዝግጅት ላይ ይገኛሉ።

የአባይ ሸቀጥ ፋይናንስ ተቋም ለንግድ ማህበራቱ የሚሰጠው ብድር በምን አይነት ዓላማ ላይ ያተኮረ ነው?",,
comprehension|140#2,comprehension,"ከዚህ በታች የቀረበውን መረጃ በመጠቀም ለጥያቄው መልስ ስጥ።

Context:
የሎሚ ጭማቂ በውስጡ ከፍተኛ መጠን ያለው ሲትሪክ አሲድ ይይዛል ተብሎ ይታወቃል። ይህ አሲድ በምግብ እና በመጠጥ ውስጥ እንደ ተፈጥሯዊ ማጣፈጫ እና ማቆያነት ያገለግላል። ለምሳሌ አትክልቶች ከተቆረጡ በኋላ እንዳይቀላቀሉ ወይም እንዳይቀለሙ ለማድረግ የሎሚ ጭማቂ መጠቀም ይቻላል። የሎሚ ጭማቂ በውስጡ ያለው አሲድነት ባክቴሪያዎች በፍጥነት እንዳይራቡ በማድረግ የምግብን ጥራት ይጠብቃል። በተጨማሪም ይህ አሲድ በቤት ውስጥ ለሚደረጉ የጽዳት ስራዎች እንደ ተፈጥሯዊ ማጽጃ ሊያገለግል ይችላል። ለምሳሌ በብረት ዕቃዎች ላይ ያሉትን እድፎች ለማስወገድ የሎሚ ጭማቂ ውጤታማ ነው። ነገር ግን የሎሚ ጭማቂ በጣም አሲዳማ ስለሆነ በጥርሶች ላይ ተጽዕኖ ሊያሳድር ስለሚችል ጥንቃቄ ያስፈልጋል። የሎሚ ጭማቂን መጠቀም ለተፈጥሮ ተስማሚ እና ለጤና ጠቃሚ የሆነ የኬሚካል አጠቃቀም ዘዴ ነው።

የሎሚ ጭማቂ ለብረት ዕቃዎች እድፍ ማጽጃነት ሊያገለግል ይችላል?",,
comprehension|166#0,comprehension,"ይህን ምንባብ መሠረት በማድረግ ለጥያቄው መልስ ስጥ።

ምንባብ፡ በአስራ ስምንት መቶ ዘጠና ስምንት ዓመተ ምህረት በኢትዮጵያ ምድር ላይ የታወቀው የአድዋ ጦርነት ተካሂዷል። በወቅቱ የነበረው የኢትዮጵያ መንግሥት በጣሊያን ወራሪ ኃይል ላይ ከፍተኛ ተጋድሎ አድርጎ ድል ተቀዳጅቷል። የኢትዮጵያ ጦር ሰራዊት በከፍተኛ አንድነትና ብርታት በመሰለፍ ጠላትን ለማሸነፍ በቁርጠኝነት ተሰልፏል። ይህ ታላቅ ድል የኢትዮጵያን ነፃነትና ሉዓላዊነት ለዓለም አቀፉ ማኅበረሰብ በግልጽ አሳይቷል። የጦርነቱ ውጤት የአፍሪካ አገራት በቅኝ ግዛት ሥር እንዳይወድቁ ትልቅ ተስፋና መነሳሳትን ፈጥሯል። በወቅቱ የነበሩት የአገር መሪዎችና ወታደሮች ለሀገራቸው ክብር ሲሉ ከፍተኛ መስዋዕትነት ከፍለዋል።

ጥያቄ፡ የአድዋ ጦርነት ውጤት ለአፍሪካ አገራት ምን ዓይነት ተጽዕኖ አሳድሯል?",,
comprehension|85#2,comprehension,"ከዚህ በታች ያለውን ምንባብ አንብበህ ጥያቄውን መልስ።

Context:
በኢትዮጵያ ታሪክ ውስጥ የነፃነት ንቅናቄዎች በሦስት ዋና ዋና ዘርፎች ላይ ትኩረት አድርገው ነበር። የመጀመሪያው ዘርፍ በሕዝብ መብትና በፍትሐዊነት ላይ ያተኮረ ሲሆን ሁለተኛው ዘርፍ ደግሞ በኢኮኖሚ ሉዓላዊነት ላይ ያተኮረ ነበር። ሦስተኛውና የመጨረሻው ዘርፍ ደግሞ በባህላዊ እሴቶችና በሀገራዊ ማንነት ላይ ትኩረት ያደረገ እንቅስቃሴ ነበር። እነዚህ ሦስት ዘርፎች እርስ በእርስ ተደጋግፈው ለታላቁ የለውጥ ሂደት ትልቅ አስተዋጽኦ አበርክተዋል። በወቅቱ የነበሩት የጥናት ማዕከላት ስለነዚህ ዘርፎች ጥልቅ ምርምር በማድረግ ለሕዝቡ ግንዛቤ ይፈጥሩ ነበር። በመሆኑም እነዚህ ሦስት ዘርፎች ለነፃነት እንቅስቃሴው ስኬት ወሳኝ ነበሩ።

የነፃነት ንቅናቄዎች በስንት ዋና ዋና ዘርፎች ላይ ትኩረት አድርገው ነበር?",,
comprehension|183#2,comprehension,"ጽሑፉን አንብበህ ጥያቄውን መልስ፡

ጽሑፍ፡ በታላቁ የቡና ምርት ተመራማሪዎች ማዕከል ጥናት መሰረት በካቲት ወር ውስጥ በደቡብ አውራጃ በሚገኙ የቡና እርሻዎች ላይ ከፍተኛ የጥቁር ነፍሳት ጥቃት ደርሷል። የጥናቱ መሪ የሆኑት የዶክተር አበበ ኃይሌ ቡድን እንደገለጹት ይህ ችግር በ120 ሄክታር መሬት ላይ ተስፋጭቶ የሚገኝ ሲሆን መፍትሄውም የተፈጥሮ ተባይ ማጥፊያዎችን መጠቀም ነው። አርሶ አደሮች ይህንን መፍትሄ ካልተገበሩ በቀን 5 ሄክታር መሬት እየጠፋ እንደሚሄድ ማዕከሉ አስጠንቅቋል።

ጥያቄ፡ በደቡብ አውራጃ በሚገኙ የቡና እርሻዎች ላይ የደረሰው የጥቁር ነፍሳት ጥቃት መፍትሄ ምንድን ነው?",,
comprehension|11#2,comprehension,"ከዚህ በታች ያለውን ምንባብ አንብበህ ጥያቄውን መልስ።

Context:
አንድ ሰው በድንገት በድንጋይ ወይም በሌላ ጠንካራ ነገር ተመትቶ ራሱን ካቆሰለ መጀመሪያ የሰውየውን የንቃተ ህሊና ሁኔታ ማረጋገጥ ያስፈልጋል። ሰውየው ንቁ ከሆነና ደም የሚፈስ ከሆነ ንጹህ ጨርቅ በመጠቀም በቁስሉ ላይ ጫና በመፍጠር ደሙ እንዲቆም ማድረግ ይቻላል። ነገር ግን ሰውየው ራሱን ካላወቀና ትንፋሽ ካቀረበ በአፋጣኝ የድንገተኛ አደጋ ሰራተኞችን መጥራትና የመጀመሪያ እርዳታ መስጠት በጣም አስፈላጊ ነው። በራስ ጉዳት ወቅት የራስ ቅል መሰበር ካለ በጉዳቱ አካባቢ ላይ ከፍተኛ ጫና ማድረግ የጉዳቱን ሁኔታ ሊያባብስ ስለሚችል ጥንቃቄ ማድረግ ያስፈልጋል። የሰውየውን አንገት ወይም ትከሻ እንዳይነቃነቅ በማድረግ የአከርካሪ አጥንት ጉዳት እንዳይከሰት መከላከል ለህይወት መትረፍ ትልቅ አስተዋጽኦ አለው። በቁስሉ ላይ የሚፈስ ደም በጣም ከፍተኛ ከሆነና መቆም ካልቻለ በጨርቅ እየተሸፈኑ ወደ ህክምና ተቋም መውሰድ ይገባል። በድንገተኛ አደጋ ወቅት መረጋጋትና በሰላም እርዳታ መስጠት ለተጎጂው ደህንነት ወሳኝ የሆነ ተግባር ነው።

በራስ ጉዳት ወቅት የአከርካሪ አጥንት ጉዳት እንዳይከሰት ምን መደረግ አለበት?",,
comprehension|327#2,comprehension,"ከዚህ በታች የቀረበውን መረጃ በመጠቀም ለጥያቄው መልስ ስጥ።

Context:
በከተማው መሃል በሚገኝ ትምህርት ቤት ውስጥ ተማሪዎች በቴክኖሎጂ የታገዘ ትምህርት ለመከታተል ልዩ ትኩረት ይሰጣቸዋል። በትምህርት ቤቱ ውስጥ የተገጠሙ የኮምፒውተር ክፍሎች ተማሪዎች ስለ ዲጂታል ዓለም ግንዛቤ እንዲኖራቸው ትልቅ ሚና ይጫወታሉ። መምህራን የቴክኖሎጂ ውጤቶችን በመጠቀም ትምህርቱን ይበልጥ ሳቢ እና ዘመናዊ ለማድረግ በየቀኑ ይጥራሉ። ተማሪዎች በየሳምንቱ በሚደረጉ የሳይንስ ትርኢቶች አማካኝነት በተግባር የታገዘ እውቀት እንዲያገኙ ይደረጋል። በትምህርት ቤቱ ውስጥ የሚገኙ የኢንተርኔት አገልግሎቶች ተማሪዎች ለጥናት የሚያስፈልጋቸውን መረጃ በፍጥነት እንዲያገኙ ይረዳሉ። ተማሪዎች በየቀኑ ትምህርት ከመጀመራቸው በፊት የዲሲፕሊን ስርአትን ለመጠበቅ በጋራ ይቆማሉ። በትምህርት ቤቱ ውስጥ የሚገኙ የክለብ አባላት በየወሩ የሚዘጋጁ የውይይት መድረኮችን በማዘጋጀት ተማሪዎችን ያሳትፋሉ። መምህራን ተማሪዎች በቴክኖሎጂ አጠቃቀም ላይ የነበራቸውን ችግር ለመፍታት ልዩ ድጋፍ እና ስልጠና ይሰጣሉ። ተማሪዎች በየዓመቱ በሚካሄደው የቴክኖሎጂ ኤግዚቢሽን ላይ የራሳቸውን የፈጠራ ውጤቶች ለሌሎች ያሳያሉ። በትምህርት ቤቱ ውስጥ የሚገኙ የዲጂታል ቤተመጽሐፍት ተማሪዎች በዓለም ዙሪያ ያሉ መጽሐፍትን እንዲያነቡ ያስችላቸዋል። ተማሪዎች በቴክኖሎጂ የታገዘ ትምህርት መማራቸው ለወደፊት የሥራ ሕይወታቸው መሰረት እንዲሆን ይደረጋል።

በትምህርት ቤቱ ውስጥ የሚገኙ የኮምፒውተር ክፍሎች ለተማሪዎች ምን ዓይነት ጥቅም ይሰጣሉ?",,
comprehension|164#2,comprehension,"ጽሑፉን አንብበህ ጥያቄውን መልስ፡

ጽሑፍ፡ በወርቃማው ሜዳ ስር በሚገኘው የሰላም ከተማ የዓመት የሰብል በዓል በታኅሣሥ አምስት ቀን ተከብሯል። የሰላም ከተማ የግብርና ማህበር አባላት በበዓሉ ላይ ምርጥ ምርቶቻቸውን ለሽያጭ አቅርበዋል። በበዓሉ ወቅት በከተማዋ መሃል በሚገኘው ትልቅ ገበያ ላይ አሥር የተለያዩ የሰብል አይነቶች ይሸጣሉ። በዓሉን ለማክበር በከተማዋ ውስጥ የሚገኙ አምስት ትላልቅ የባህል ቡድኖች ልዩ ትርኢት አሳይተዋል። የሰላም ከተማ ነጋዴዎች በበዓሉ ምክንያት በሃያ ሺህ ብር የሚገመት ተጨማሪ ትርፍ አግኝተዋል። በዓሉን ለመታደም የመጡት ሰዎች በሙሉ በሰላማዊ ሁኔታ ተገኝተው በዓሉን አክብረዋል። በበዓሉ ማጠቃለያ ላይ ለተሳታፊዎች በሙሉ በነፃ የሚቀርብ የጥራጥሬ ምግብ በከተማው መሃል ተሰጥቷል። ይህ በዓል በየዓመቱ በሰላም ከተማ ውስጥ በታላቅ ድምቀት የሚከበር የሰብል በዓል ነው።

ጥያቄ፡ በሰላም ከተማ የሰብል በዓል ላይ ለሽያጭ የቀረቡት የሰብል አይነቶች ብዛት ስንት ነው?",,
translation|26#4,translation,"ከታች ያለውን English ጽሑፍ ወደ አማርኛ ተርጉም።

Context:
New scholarship opportunities are available for high school graduates who excel in mathematics and physics.",,
translation|16#3,translation,"የሚከተለውን የእንግሊዝኛ ጽሑፍ ወደ አማርኛ ተርጉም፡ ""Planets orbit the sun in a circular path through space.""",,
translation|39#7,translation,"እባክዎን ይህን የአማርኛ ጽሑፍ በእንግሊዝኛ ይተርጉሙ።

Context:
የመኪናው ነዳጅ አልቆ መንገድ ላይ መቆም በጣም አሳሳቢ ነው።",,
translation|12#1,translation,"ከእንግሊዝኛ ወደ አማርኛ ተርጉም።

Context:
Heavy rain is falling on the highlands of Wollo today.",,
translation|28#5,translation,"የሚከተለውን የእንግሊዝኛ ዓረፍተ ነገር ወደ አማርኛ ተርጉም።

Context:
Is the metro system running on time during the weekend holidays?",,
translation|49#2,translation,"ይህን አማርኛ ጽሑፍ ወደ እንግሊዝኛ ተርጉምልኝ።

Context:
ከልክ በላይ ስኳርና ጨው መጠቀም ለደም ግፊትና ለሌሎች በሽታዎች መንስኤ ሊሆን ይችላል።",,
translation|18#6,translation,"ይህን እንግሊዝኛ ጽሑፍ ወደ አማርኛ ተርጉምልኝ።

Context:
Using organic fertilizer can significantly improve the yield of your cereal farm.",,
translation|40#4,translation,"ከእንግሊዝኛ ወደ አማርኛ ተርጉም።

Context:
My brother needs to buy a new blue uniform for his primary school.",,
translation|4#0,translation,"ከታች ያለውን English ጽሑፍ ወደ አማርኛ ተርጉም።

Context:
The ancient Egyptians built massive pyramids near the Nile River.",,
translation|20#7,translation,"እባክዎን ይህን የእንግሊዝኛ ጽሑፍ ወደ አማርኛ ይተርጉሙ።

Context:
Keep the soil covered with grass or small plants to protect it from the hot sun and wind.",,
translation|6#1,translation,"Translate into Amharic:

To prevent malaria, make sure there is no stagnant water around your house.",,
translation|58#0,translation,"Translate the following English text into clear and natural Amharic: ""Why does bread rise when we add yeast to the dough?""",,
translation|51#7,translation,"የሚከተለውን የአማርኛ ጽሑፍ ወደ እንግሊዝኛ ተርጉም፡ ""አዲስ የተወለዱ ሕፃናት በመጀመሪያዎቹ ወራት ውስጥ ወሳኝ የሆኑ ክትባቶችን ማግኘት አለባቸው።""",,
summarisation|299#1,summarisation,"ከዚህ በታች ያለውን ጽሑፍ በ2-3 ዓረፍተ ነገሮች አጠቃልለው።

Context:
በነሐሴ ፭ ቀን በሰሜን ተራራማ ክልል የአየር ንብረት መቆጣጠሪያ ጣቢያ የወጣው መረጃ እንደሚያመለክተው በሰሜን ተራራማ አካባቢዎች ከፍተኛ የዝናብ መከማቸት ታይቷል። የጣቢያው ዋና መሃንዲስ አቶ ታደሰ ካሳ በሰሜን ተራራማ ክልል የሚገኙት ሰማያዊ ተራራዎች ላይ ከፍተኛ የደመና ክምችት መፈጠሩን በዝርዝር አብራርተዋል። ይህ የደመና ክምችት በውሃ ትነት አማካኝነት ከታችኛው ሜዳ ወደ ላይኛው ተራራማ ክፍል በመነሳት የተፈጠረ መሆኑን ተመራማሪዎቹ ገልጸዋል። በሰሜን ተራራማ አካባቢዎች የሚገኙት ፲፰ ትናንሽ ወንዞች በዝናብ አማካኝነት በከፍተኛ ፍጥነት እየፈሰሱ መሆናቸውን የውሃ መለኪያ ተቋሙ አስታውቋል። የዝናቡ መጠን በየቀኑ በአማካይ አሥር ሚሊ ሜትር እየጨመረ መሄዱ ለተራራማው አካባቢ የውሃ ክምችት ትልቅ ፋይዳ እንዳለው ተገልጿል። የዝናብ ውሃው ተመልሶ ወደ መሬት በመግባት በከርሰ ምድር ውስጥ እንዲከማች የሚያደርገው ሂደት በሰሜን ተራራማ አካባቢዎች በስፋት እየታየ ነው። የከርሰ ምድር ውሃው መጠን መጨመር ለአካባቢው የግብርና ምርታማነት ትልቅ ተስፋ እንደሚሰጥ የግብርና ባለሙያው ወይዘሮ ሄለን አበበ ገልጻለች። ሆኖም ግን የዝናብ ውሃው በከፍተኛ ፍጥነት መፍሰሱ በአንዳንድ ዝቅተኛ ቦታዎች ላይ የጎርፍ አደጋ ሊያስከትል እንደሚችል ተመራማሪዎቹ አስጠንቅቀዋል። የደመናው መፈጠር እና ዝናብ መዝነብ የሚከናወነው በከፍተኛ የንፋስ እንቅስቃሴ እና የአየር ግፊት ለውጥ አማካኝነት መሆኑን ተገልጿል። በሰሜን ተራራማ ክልል የሚገኙት የውሃ ጥናት ተመራማሪዎች የዝናቡን መጠን እና የውሃውን ፍሰት በየሰዓቱ እየተከታተሉ መሆኑን አረጋግጠዋል። የዝናብ ውሃው ወደ ወንዞች ተመልሶ በመሄድ ወደ ታችኛው ሜዳዎች መፍሰሱ የውሃውን ዑደት በሙሉ አጠናቆታል። ይህ የውሃ ዑደት ሂደት በክልሉ ውስጥ ያለውን የአየር ንብረት ሚዛን ለመጠበቅ ወሳኝ ሚና እንደሚጫወት ተገልጿል። የአየር ንብረት መለኪያ ጣቢያው በየሳምንቱ የሚሰጠው መረጃ ለክልሉ ነዋሪዎች ስለሚቀጥለው ሳምንት ዝግጅት እንዲያደርጉ ይረዳቸዋል። በሰሜን ተራራማ አካባቢዎች የሚታየው ይህ የተፈጥሮ ሂደት ለክልሉ የውሃ አቅርቦት ዋስትና እንደሚሆን ተመላክቷል።",,
summarisation|55#1,summarisation,"የሚከተለውን ጽሑፍ ዋና ዋና ነጥቦች ብቻ በመያዝ አጭር አድርገህ ግለጽ።

Context:
በጥቅምት 22 ቀን 2015 ዓ.ም በወሎ ክልል በሚገኘው የላሊበላ የሳይንስ ተቋም ውስጥ ስለ ሰውነት መከላከያ ሥርዓት አዲስ ሪፖርት ተለቀቀ። በፕሮፌሰር ማሚሬ ዘነበ የሚመራው የባዮሎጂ ክፍል በሰውነታችን ውስጥ ያሉ ነጭ የደም ሴሎች እንዴት በሽታ አምጪ ተህዋሲያንን እንደሚዋጉ አብራርቷል። በሪፖርቱ ላይ እንደተጠቀሰው የሰውነታችን መከላከያ ሥርዓት እንደ አንድ ትልቅ የጦር ሰራዊት ሆኖ እያንዳንዱን ጥቃት በንቃት ይከላከላል። በምርምር ቡድኑ አባላት የተሰበሰቡት መረጃዎች እንደሚያሳዩት የተመጣጠነ ምግብ መመገብ ለነጭ የደም ሴሎች ጥንካሬ ወሳኝ ሚና ይጫወታል። በምርምሩ ወቅት 1200 የላብራቶሪ ሙከራዎች የተደረጉ ሲሆን ውጤቱም በከፍተኛ ደረጃ አስተማማኝ መሆኑን የሳይንስ ባለሙያዎች አረጋግጠዋል። በኢትዮጵያ ውስጥ የሚገኙ የጤና ተቋማት ይህንን መረጃ በመጠቀም የሕዝብን በሽታ የመከላከል አቅም ማሳደግ እንደሚችሉ ተገልጿል። የላሊበላ የሳይንስ ተቋም በየዓመቱ እንዲህ ያሉ ጥልቅ ምርምሮችን በማድረግ ለሀገሪቱ የጤና ዘርፍ ትልቅ እገዛ እያደረገ ይገኛል። ይህ አዲስ ግኝት በሰውነት ውስጥ ስላለው የበሽታ መከላከል ሂደት ያለንን እውቀት በከፍተኛ ሁኔታ ያሰፋዋል።",,
summarisation|98#0,summarisation,"እባክዎን ይህን ጽሑፍ በአጭሩ ያጠቃልሉ።

Context:
በሰኔ ፲፪ ቀን በዓለም አቀፍ የጠፈር ምርምር ማዕከል ውስጥ የባህር ዳር ኮከብ ተመራማሪዎች አዲስ የጠፈር አካል አግኝተዋል። ይህ አዲስ አካል በፀሐይ ሥርዓት ውስጥ ከጁፒተር ፕላኔት ርቀት ላይ የሚገኝ ሲሆን በብርሃን ፍጥነት በጣም ፈጣን እንቅስቃሴ ያሳያል። የጥናቱ መሪ የሆኑት ዶክተር አበበ በቀለ እንደገለጹት ይህ አካል በውስጡ ከፍተኛ መጠን ያለው የድንጋይ እና የብረት ድብልቅ ይዟል። በቅርቡ በተደረገው የቴሌስኮፕ ምርመራ መሰረት አካሉ በሰማይ ላይ በየሰከንዱ አምስት ኪሎ ሜትር ያህል ይጓዛል። የኮከብ መመልከቻ ማዕከሉ በሰጠው መረጃ መሰረት ይህ ግኝት በጠፈር ሳይንስ ታሪክ ውስጥ ትልቅ ለውጥ ያመጣል። የጠፈር ተመራማሪዎች ቡድኑ ይህ አካል ከሌሎች ከዋክብት ጋር ያለውን ግንኙነት ለመረዳት ጥልቅ ምርምር እያደረጉ ነው። በጠፈር ውስጥ የሚገኙት የጠብታ ኮከቦች ስብስብ ይህንን አዲስ አካል በቅርበት ለመከታተል ልዩ መሣሪያዎችን አዘጋጅቷል። የሳይንስ ተቋሙ የባህር ዳር ኮከብ መረጃዎችን ለዓለም አቀፍ የጠፈር ኮሚቴ በዝርዝር ማቅረብ መጀመሩን አስታውቋል። ይህ ግኝት በጠፈር ውስጥ ያሉ ሌሎች ድንገተኛ እንቅስቃሴዎችን ለመረዳት ትልቅ ዕውቀት እንደሚሰጥ ተገልጿል። ተመራማሪዎቹ በቀጣይ ወር ውስጥ ተጨማሪ የብርሃን ትንተናዎችን ለማድረግ በታላቅ ተስፋ እየተጠባበቁ ይገኛሉ። ይህ አዲስ ግኝት የሰው ልጅ ስለ ጠፈር ያለውን ግንዛቤ ወደ ላቀ ደረጃ እንደሚያሸጋግረው ይታመናል።",,
summarisation|18#2,summarisation,"የሚከተለውን ምንባብ በአጭሩ አጠቃልል፡

በካቲት ወር ውስጥ በምስራቅ ሜዳዎች በሚገኙ የእርሻ ማህበራት ስር የሚሰሩ ገበሬዎች አዲስ የቴክኖሎጂ መሣሪያዎችን መጠቀም ጀምረዋል። የኩላሊት የግብርና ማህበር አባል የሆኑት አቶ ታደሰ ካሳ በዘመናዊ መርፌ መዝራሪያ አማካኝነት የጤፍ ዘርን በሰፋፊ መሬት ላይ መዝራት መቻላቸውን ገልጸዋል። በዘንድሮው የዝግጅት ወቅት በሃያ ሺህ ሄክታር መሬት ላይ የተከናወነው ስራ ለክልሉ የሰብል ዋስትና ትልቅ አስተዋጽኦ ይኖረዋል። የግብርና ምርት ጥናት ተቋሙ እንደገለጸው በአዲሱ የዘር ዝርያ ምክንያት በሰብሉ ላይ የሚከሰተው የነፍሳት ጉዳት በአስራ አምስት በመቶ ቀንሷል። ይህ የቴክኖሎጂ ሽግግር በክልሉ ውስጥ የሚገኙ አምስት መቶ አርሶ አደሮችን የኑሮ ደረጃ ለማሻሻል ትልቅ ተስፋ ሰጪ እርምጃ ተደርጎ ተወስዷል።",,
summarisation|122#2,summarisation,"የሚከተለውን ምንባብ በአጭሩ አጠቃልል፡

በሰኔ ፰ ዓመተ ምሕረት በወርቅ ደመና መሠረተ ልማት ትምህርት ቤት ውስጥ አዲስ የኮምፒውተር ላብራቶሪ ተከፍቷል። የትምህርት ቤቱ ተማሪዎች በቴክኖሎጂ የታገዘ ትምህርት እንዲያገኙ ለማድረግ ፳ አዳዲስ ኮምፒውተሮች ተገዝተው ተተክለዋል። የትምህርት ቤቱ ርዕሰ መምህር ወይዘሮ ማርታ አበበ አዲሱ ላብራቶሪ ለተማሪዎች የዲጂታል እውቀት ለማዳበር ትልቅ ሚና እንደሚኖረው ተናግራለች። በላብራቶሪው ውስጥ የሚገኙ ፳ አምስት ተማሪዎች በየቀኑ በየተራ የኮምፒውተር ትምህርት እንዲወስዱ ፕሮግራም ተደርጓል። የትምህርት ቤቱ የቴክኖሎጂ መምህር አቶ ሳሙኤል ኃይሌ ተማሪዎች በኢንተርኔት አጠቃቀም ላይ ጥንቃቄ እንዲያደርጉ አሳስቧል። በትምህርት ቤቱ ውስጥ የሚገኙ ፭ የቴክኖሎጂ ባለሙያዎች ለተማሪዎች ተግባራዊ ልምምድ እንዲሰጡ ተመድበዋል። ተማሪዎቹ በየሳምንቱ ቅዳሜ ዕለት በኮምፒውተር ፕሮግራሚንግ ላይ ልዩ ስልጠና እንዲወስዱ ታቅዷል። የትምህርት ቤቱ የገቢ ማሰባሰቢያ ኮሚቴ ለላብራቶሪው የሚያስፈልጉ ቁሳቁሶችን ለማሟላት ፭ ሺህ ብር ሰብስቧል። ተማሪዎች በቴክኖሎጂ የታገዘ ትምህርት በመውሰዳቸው ለወደፊት የሥራ ሕይወታቸው ዝግጁ እየሆኑ መሆኑ ተገልጿል። በላብራቶሪው ውስጥ የሚገኙ አዳዲስ የሶፍትዌር መሣሪያዎች ለተማሪዎች ምርምር እንዲሆኑ ተደርገው ተዘጋጅተዋል። የትምህርት ቤቱ የሳይንስ ክለብ አባላት በኮምፒውተር አማካኝነት አዳዲስ ግኝቶችን ለሌሎች ተማሪዎች ለማሳየት ዝግጅት እያደረጉ ነው። ይህ አዲስ መሣሪያ በትምህርት ቤቱ ውስጥ ያለውን የትምህርት ጥራት በከፍተኛ ደረጃ ከፍ ያደርገዋል።",,
summarisation|7#0,summarisation,"የሚከተለውን ጽሑፍ ዋና ዋና ነጥቦች ብቻ በመያዝ አጭር አድርገህ ግለጽ።

Context:
በሰኔ ፲፪ ቀን በታላቁ አባይ ከተማ በሚገኘው የሰላም ማዕከል ውስጥ የጤና ባለሙያዎች ትልቅ ስልጠና ሰጥተዋል። የብሩክ የጤና ተቋም ሰራተኞች በወር ፭፻ አዳዲስ እናቶች ስለ ተገቢ አመጋገብ በሰፊው ተማርተዋል። በስልጠናው ወቅት በከተማዋ ውስጥ የሚገኙ ፳፪ የጤና ጣቢያዎች የህፃናት ክትባት አሰጣጥ ሂደትን እንዲያሻሽሉ መመሪያ ተሰጥቷቸዋል። የጤናው ሚኒስቴር ተወካይ አቶ በቀለ በዝግጅቱ ላይ በመገኘት የእናቶች ጤና ለሀገር እድገት ወሳኝ መሆኑን ገልጸዋል። በዘንድሮው ዓመት በከተማዋ ውስጥ የሚገኙ ፪,፻፶ አዳዲስ ህፃናት በክትባት ፕሮግራም እንዲካተቱ ተቀጥሯል። የጤና ባለሙያዎች በየሳምንቱ ቅዳሜ እና እሁድ ለእናቶች ነፃ የምክር አገልግሎት ለመስጠት ወስነዋል። ይህ ፕሮግራም በከተማዋ ውስጥ ያለውን የህፃናት ሞት መጠን በ፲ በመቶ ለመቀነስ ያለመ ነው። የከተማዋ ነዋሪዎች በዝግጅቱ ላይ በመሳተፍ ለጤናው ዘርፍ አስፈላጊውን ድጋፍ እንዲያደርጉ ተጠይቀዋል።",,
summarisation|159#1,summarisation,"ለዚህ ጽሑፍ አጭር ማጠቃለያ ጻፍ።

Context:
በጥቅምት ፭ ቀን በደብረ ማርቆስ ከተማ የሚገኘው የጥበብ ምግብ ማኅበር አዲስ የዳቦ አዘገጃጀት ትምህርት ቤት በይፋ ከፈተ። የማኅበሩ መስራች የሆነው አቶ ተክሌ ለአሥራ ሁለት ወራት የቆየ ጥናት በማድረግ አዲስ ዓይነት የጤናማ ዳቦ አዘገጃጀት አቅርቧል። በዚህ አዲስ ትምህርት ቤት ውስጥ በመጀመሪያው ሳምንት ውስጥ ሰማንያ አዲስ ተማሪዎች ለመመዝገብ ከፍተኛ ፍላጎት አሳይተዋል። ተማሪዎቹ በየቀኑ ለሦስት ሰዓታት የሚቆይ የዳቦ አዘገጃጀት ስልጠና የሚወስዱ ሲሆን ይህም ለሥራ ዝግጁ ያደርጋቸዋል። ማኅበሩ ለተማሪዎቹ አስፈላጊ የሆኑ አምስት ዓይነት የዱቄት ዓይነቶችን እና መሣሪያዎችን በነፃ እንዲጠቀሙ አድርጓል። የከተማዋ ነዋሪዎች ይህ አዲስ ተቋም ለከተማዋ የኢኮኖሚ እድገት ትልቅ አስተዋጽኦ እንደሚያበረክት በታላቅ ተስፋ ይጠብቃሉ።",,
summarisation|46#2,summarisation,"ከዚህ በታች ያለውን ጽሑፍ በ2-3 ዓረፍተ ነገሮች አጠቃልለው።

Context:
በሃያኛው ክፍለ ዘመን አጋማሽ ላይ በአፍሪካ እና በእስያ አገራት ውስጥ የተካሄዱት የነፃነት ትግሎች የዓለምን የፖለቲካ ካርታ ለውጠዋታል። ለረጅም ዓመታት በቅኝ ግዛት ሥር የነበሩ አገራት የራሳቸውን ሉዓላዊነት ለማስከበር ከፍተኛ መስዋዕትነት ከፍለውታል። ይህ የነፃነት እንቅስቃሴ በዓለም አቀፍ ደረጃ የሰው ልጅ መብት እና እኩልነት እንዲከበር ትልቅ ድምፅ ሆኗል። የቅኝ ግዛት አገራት ተጽዕኖ እየቀነሰ መምጣቱ በዓለም አቀፍ የንግድ እና የፖለቲካ ግንኙነት ላይ ለውጥ አመጣ። አዳዲስ የተገነቡ አገራት በዓለም አቀፍ ድርጅቶች ውስጥ ተሳትፎ በማድረግ የራሳቸውን ድምፅ ለማሰማት ሞክረዋል። የኢኮኖሚ ነፃነት ለማግኘት የሚደረጉ ጥረቶችም በአገራቱ የልማት ጉዞ ላይ ትልቅ ተጽዕኖ አሳርፈዋል። የባህል እና የማንነት ጥያቄዎችም በነዚህ አገራት ውስጥ ለለውጥ አስፈላጊ መሠረቶች ሆነው ታይተዋል። በመጨረሻም እነዚህ ታሪካዊ ክስተቶች የአሁኑን የዓለም ፖለቲካዊ መዋቅር ለመገንባት ትልቅ ሚና ተጫውተዋል።",,
summarisation|5#0,summarisation,"ከዚህ በታች ያለውን ጽሑፍ በ2-3 ዓረፍተ ነገሮች አጠቃልለው።

Context:
በሃያኛው ክፍለ ዘመን መጀመሪያ ላይ በአውሮፓ አገራት መካከል የነበረው ከፍተኛ የኃይል ፍላጎት እና የድንበር ውዝግብ ለትልቅ ዓለም አቀፍ ጦርነት መነሻ ሆኗል። ታላላቅ መንግሥታት የራሳቸውን ተፅዕኖ ለማስፋፋት ሲሉ የጦር መሣሪያ ዝግጅታቸውን በከፍተኛ ሁኔታ ማሳደግ እና ወታደራዊ ጥንካሬያቸውን ማሳየት ጀመሩ። የኢኮኖሚ ውድቀቶች እና የፖለቲካ አለመረጋጋቶች በተለያዩ አገራት ውስጥ ተከስተው የሰላም ሁኔታ እንዲሻክር እና ውጥረቶች እንዲባባሱ አድርገዋል። የባህር ላይ የንግድ መስመሮችን ለመቆጣጠር የሚደረጉ ሙከራዎች እና የቅሪተ አካል ሀብቶችን ለማግኘት የሚደረጉ ሽሚያዎች ለግጭቱ መፋፋም ትልቅ ሚና ተጫውተዋል። በመጨረሻም በድንገት የተከሰቱ የፖለቲካ ክስተቶች የዓለምን ሰላም አናጋት በማድረግ ሰፊ የሆነ የጦርነት ቀጠና እንዲፈጠር ምክንያት ሆኑ። ይህ ታላቅ ግጭት በብዙ አገራት ውስጥ ከፍተኛ የሆነ የሰው ሕይወት መጥፋት እና የንብረት ውድመት እንዲደርስ አድርጓል። የጦርነቱ መከሰት የአለምን የፖለቲካ መዋቅር ለዘመናት እንዲቀየር እና አዳዲስ የኃይል ማዕከላት እንዲፈጠሩ ምክንያት ሆኗል። የጦርነቱ ውጤት በዓለም አቀፍ ግንኙነት ላይ ከፍተኛ ተፅዕኖ በማሳደር አዳዲስ የሕግ እና የዲፕሎማሲ ሥርዓቶችን እንዲመሰረት አድርጓል። የሰላም ስምምነቶች ለመፍጠር የተደረጉ ጥረቶች በተለያዩ ጊዜያት ቢታገሉም የኃይል ሚዛኑን ለመጠበቅ አስቸጋሪ ሁኔታዎች ተፈጥረዋል። የዓለም አቀፍ ተቋማት እንዲመሰረቱ እና የወደፊት ግጭቶችን ለመከላከል የሚያስችሉ መንገዶች እንዲፈለጉ ጥሪ ተደርጓል። ይህ የታሪክ ምዕልት በሰው ልጅ ታሪክ ውስጥ ትልቅ ለውጥ ያመጣ እና የዓለምን አቅጣጫ የቀየረ ክስተት ነው።",,
summarisation|77#2,summarisation,"የሚከተለውን ጽሑፍ ዋና ዋና ነጥቦች ብቻ በመያዝ አጭር አድርገህ ግለጽ።

Context:
በካቲት ፳ ቀን በግርማ ከተማ በሚገኘው የባህል ገበያ ውስጥ የዓለም አቀፍ የምግብ ምርቶች ትርኢት ተካሂዷል። በዝግጅቱ ላይ ከሰባት የተለያዩ አገራት የመጡ ሰላሳ አምስት የምግብ አምራቾች ምርቶቻቸውን ለተመልካቾች አቅርበዋል። በዝግጅቱ መርሐ ግብር ላይ በዋናነት የባህላዊ መጠጦች እና የጥራጥሬ ምርቶች አጠቃቀም ላይ ትኩረት ተሰጥቷል። በገበያው ላይ የተሸጡት ምርቶች በሙሉ ከታማኝ አምራቾች የተገኙ እና ጥራታቸው የተረጋገጠ መሆናቸውን አስተባባሪዎቹ ገልጸዋል። በዝግጅቱ ወቅት በገበያው ውስጥ የነበረው የሰዎች ብዛት ከአምስት ሺህ በላይ መሆኑን የከተማው የፀጥታ አካል አረጋግጧል። በዝግጅቱ ላይ የተሳተፈው የግርማ የምግብ ጥበብ ማህበር ለተመልካቾች የተለያዩ የቅመማ ቅመም ናሙናዎችን በነጻ አድልቷል። በገበያው መሃል ላይ የተዘጋጀው የሙዚቃ ትርኢት ለተሳታፊዎች ልዩ የሆነ የደስታ ስሜት እንዲሰማቸው አድርጓል። በዝግጅቱ ማጠቃለያ ላይ ምርጥ ምርት ላቀረቡ አምስት አምራቾች የክብር ሜዳሊያ እና የገንዘብ ሽልማት ተሰጥቷቸዋል። የገበያው ስኬት በከተማዋ ውስጥ ያለውን የንግድ እንቅስቃሴ በከፍተኛ ሁኔታ እንዳሳደገው የንግድ ምክር ቤቱ ገልጿል። በዝግጅቱ ላይ የተሳተፉት እንግዶች በምግቦቹ ጣዕም እና በአቀራረብ ጥበብ ላይ ከፍተኛ አድናቆትቸውን ገልጸዋል። በቀጣይ አመት በዝግጅቱ ላይ የሚሳተፉትን አምራቾች ቁጥር ወደ መቶ ለማሳደግ እቅድ መታወጁ ተነግሯል። ይህ የዓመታዊ የገበያ ዝግጅት በከተማዋ የቱሪስት መስህብነት እንዲጨምር ትልቅ ሚና እየተጫወተ ይገኛል።",,
summarisation|131#1,summarisation,"የሚከተለውን ጽሑፍ ዋና ዋና ነጥቦች ብቻ በመያዝ አጭር አድርገህ ግለጽ።

Context:
በጥቅምት 5 ቀን 2015 ዓ.ም በሰሜን አውራጃ የሚገኘው የልማት ድርጅት ለሕፃናት የተመጣጠነ ምግብ አቅርቦት ፕሮግራም መጀመሩን አስታውቋል። በድርጅቱ ዋና ሥራ አስፈጻሚ አቶ ካሳሁን ደመሰኝ እንደገለጹት ይህ ፕሮግራም በክልሉ የሚገኙ 1200 ሕፃናትን ታሳቢ ያደረገ ነው። ፕሮግራሙ በዋናነት በየቀኑ በቂ ፕሮቲን እና ማዕድናት የሚያገኙ ሕፃናትን ለማፍራት ያለመ መሆኑን በዝርዝር አብራርተዋል። በክልሉ በሚገኙ የጤና ጣቢያዎች አማካኝነት ለወላጆች ስለ ትክክለኛ የአመጋገብ ዘዴዎች ልዩ ሥልጠና ይሰጣል። በሥልጠናው ወቅት በምግብ ዝግጅት ወቅት የሚደረጉ ስህተቶች እና የንጽህና አጠባበቅ አስፈላጊነት በሰፊው ተብራርቷል። በክልሉ የሚገኙ የግብርና ባለሙያዎችም ለሕፃናት የሚሆኑ አትክልቶችን በብዛት ለማምረት አዲስ ዘዴን አስተዋውቀዋል። የፕሮግራሙ ዓላማ በሕፃናት ላይ የሚታዩ የዕድገት መዘግየቶችን እና የሥጋት ሁኔታዎችን በከፍተኛ ሁኔታ መቀነስ ነው። በየሳምንቱ የሚከናወኑ የክትባት እና የጤና ምርመራዎች ከምግብ አቅርቦት ፕሮግራሙ ጋር ተቀናጅተው እንዲሰሩ ተደርጓል። በክልሉ የሚገኙ የአካባቢ መሪዎችም ለዚህ ፕሮግራም አስፈላጊውን ድጋፍ እና ግብዓት ለማቅረብ ቃል ገብተዋል። የሕፃናት ጤናን ለመጠበቅ በቤተሰብ ደረጃ የሚደረጉ ጥረቶች ከክልሉ የልማት ዕቅድ ጋር የተጣጣሙ ናቸው። በቅርቡ በክልሉ ውስጥ የሚገኙ አዳዲስ የጤና ማዕከላት ለዚህ ፕሮግራም ተጨማሪ ግብዓቶችን እንደሚያቀርቡ ተገልጿል። ይህ የተቀናጀ እንቅስቃሴ በሕፃናት ጤና ላይ ትልቅ ለውጥ እንደሚያመጣ ተስፋ ተጥሎበታል።",,
