id,task,prompt,response,judge_scores,my_fluency_1to5,my_accuracy_1to5,notes
knowledge|20#1,knowledge,እባክዎን ለሚከተለው ጥያቄ መልስ ይስጡ፡ በተራራማ አካባቢዎች የአፈር መሸራሸትን ለመቀነስ አዝመራን በደረጃ መልክ ማዘጋጀት ለምን ያስፈልጋል?,በተራራማ አካባቢዎች አዝመራን በደረጃ መልክ ማዘጋጀት የአፈር መሸራሸትን ለመቀነስ የሚረዳው፣ የውሃ ፍሰት ፍጥነትን በመቀነስና አፈር በውሃ እንዳይወሰድ በመከላከል ነው። ይህም የአፈር ንጥረ ነገሮች ሳይወሰዱ እንዲቆዩና ለተክሎች ተስማሚ የሆነ እርጥበት እንዲኖር ይረዳል።,null,,,
knowledge|46#4,knowledge,"ስለሚከተለው ጥያቄ ግልጽ እና አጭር መልስ ስጥ፡
በኢትዮጵያ የነበረው የንጉሠ ነገሥት ሥርዓት በዓለም አቀፍ ደረጃ እንዴት ይታወቅ ነበር?",በኢትዮጵያ የነበረው የንጉሠ ነገሥት ሥርዓት በዓለም አቀፍ ደረጃ እንደ ጥንታዊ እና ቀጣይነት ያለው የንጉሣዊ ሥርዓት ይታወቃል። በተለይም የሰሎሞናዊው ሥርወ መንግሥት ታሪክና የኢትዮጵያ ኦርቶዶክስ ተዋሕዶ ቤተክርስቲያን ከሥርዓቱ ጋር ያላትን ጥልቅ ግንኙነት ዓለም አቀፍ ትኩረት እንዲያገኝ አድርጎታል።,null,,,
knowledge|3#3,knowledge,በአፍሪካ የቅኝ ግዛት ሉዓላዊነትን ለማስቀረት የተደረጉት ትግሎች በወቅቱ በዓለም ፖለቲካ ላይ ምን ዓይነት ተጽዕኖ አሳደረዋል?,በአፍሪካ የተደረጉት የነፃነት ትግሎች የቅኝ ግዛት አገራትን የኢኮኖሚ እና የፖለቲካ የበላይነት በመናጋት የዓለምን የኃይል ሚዛን ቀይረውታል። እነዚህ ትግሎች በወቅቱ የነበረውን የቅኝ ግዛት ሥርዓት በማዳከም፣ የአፍሪካ አገራት በዓለም አቀፍ መድረክ እንዲሳተፉና የዓለም ፖለቲካ አቅጣጫ ወደ ዲኮሎናይዜሽን (ከቅኝ ግዛት ነፃ መውጣት) እንዲያዘነብል አድርገዋል።,null,,,
knowledge|19#2,knowledge,የቡና ፍሬ ከዛፍ ላይ ከተሰበሰበ በኋላ ለተሻለ ጣዕም እንዲሆን እንዴት ይታጠባል?,የቡና ፍሬ ከዛፍ ላይ ከተሰበሰበ በኋላ ለተሻለ ጣዕም እንዲሆን በተለያዩ መንገዶች ሊታጠብ ይችላል። በውሃ ውስጥ በመዘፈቅ (Washed process)፣ በደረቅ መንገድ በማድረቅ (Natural process) ወይም በሁለቱ መካከል ባለው ዘዴ (Honey process) ሊታጠብና ሊዘጋጅ ይችላል። እነዚህ ዘዴዎች እንደ ቡናው ዓይነትና እንደፈለጉት ጣዕም ይለያያሉ።,null,,,
knowledge|4#3,knowledge,የአክሱም ስልጣኔ ለቀይ ባህር ቅርብ መሆኑ ለኢኮኖሚ እድገቱና ለኃያልነቱ እንዴት እንደረዳው አብራራ።,የአክሱም ስልጣኔ ለቀይ ባህር ቅርብ መሆኑ የባህር ላይ የንግድ መስመሮችን በቀላሉ ለመቆጣጠርና ከሮማ፣ ህንድና ከሌሎች የዓለም ክፍሎች ጋር የንግድ ግንኙነት ለመፍጠር አስችሎታል። ይህ ስልጣኔ በባህር ላይ የነበረውን የበላይነት በመጠቀም የተለያዩ ቁሳቁሶችን በማቀያየር ከፍተኛ የንግድ ትርፍ እንዲያገኝና የኢኮኖሚ ኃያልነት እንዲኖረው አድርጎታል።,null,,,
knowledge|7#7,knowledge,"ስለሚከተለው ጥያቄ ግልጽ እና አጭር መልስ ስጥ፡
በወሊድ ወቅት እና ከወሊድ በኋላ ንጽህናን መጠበቅ ለምን አስፈላጊ እንደሆነ አብራራ።",በወሊድ ወቅት እና ከወሊድ በኋላ ንጽህናን መጠበቅ እናት እና ህፃን ለከፋ የኢንፌክሽን አደጋ እንዳይጋለጡ ለመከላከል በጣም አስፈላጊ ነው። ይህም በተለይ ከደም መፍሰስ፣ ከቁስል እና ከሌሎች ባክቴሪያዎች ጋር ተያይዘው ሊመጡ የሚችሉ የጤና እክሎችን ለመከላከል ይረዳል።,null,,,
knowledge|38#9,knowledge,"የሚከተለውን ጥያቄ በአጭሩ እና በትክክል መልስ።

ጥያቄ፡ የመደብሮች መከፋፈል በገበያ ውስጥ ለምን ያስፈልጋል?",የመደብሮች መከፋፈል በገበያ ውስጥ የሸቀጦችን ዓይነትና ጥራት ለይቶ ለማወቅ ይረዳል። ይህም ደንበኞች የሚፈልጉትን ምርት በቀላሉ እንዲያገኙና ነጋዴዎችም ምርቶቻቸውን ለተወሰነ የሸማች ክፍል በማቅረብ ውጤታማ እንዲሆኑ ያደርጋል።,null,,,
knowledge|25#9,knowledge,እባክህ ይህን ጥያቄ መልስልኝ፡ የተባበሩት መንግሥታት የንግድ ድርጅት በዓለም አቀፍ የንግድ ሕጎች ላይ ያለው ሚና ምንድን ነው?,የተባበሩት መንግሥታት የንግድ ድርጅት (WTO) ዓለም አቀፍ የንግድ ሕጎችን በማውጣት፣ በመተግበር እና በመቆጣጠር ረገድ ግንባር ቀደም ሚና ይጫወታል። ድርጅቱ አባል አገራት በንግድ ልውውጥ ወቅት እንዲከተሏቸው ደንቦችን በማውጣት የንግድ እንቅፋቶችን ለመቀነስ እና ፍትሃዊ የንግድ ሥርዓት እንዲኖር ይሠራል። በተጨማሪም አገራት በንግድ ውዝግብ ውስጥ ሲገቡ የሚፈታበትን ሥርዓት በማመቻቸት የዓለም አቀፍ የንግድ ግንኙነት እንዲረጋጋ ያደርጋል።,null,,,
knowledge|7#8,knowledge,በጨቅላ ሕፃናት ላይ አፋጣኝ የሕክምና እርዳታ የሚያስፈልጋቸው የአደጋ ምልክቶች የትኞቹ ናቸው?,በጨቅላ ሕፃናት ላይ አፋጣኝ የሕክምና እርዳታ የሚያስፈልጋቸው ዋና ዋና ምልክቶች የሚከተሉት ናቸው፦ መተንፈስ መቸገር ወይም በጣም ፈጣን መተንፈስ፣ ከፍተኛ ትኩሳት ወይም በጣም ዝቅተኛ የሰውነት ሙቀት፣ ከፍተኛ መዛባትን የሚያሳይ የሰውነት ቀለም (ሰማያዊ ወይም በጣም ነጭ መሆን)፣ እና ለምግብ ወይም ለጡት መጥባት ፍጹም አለመፈለግ ናቸው። በተጨማሪም ሕፃኑ በጣም ለስላሳ መሆን፣ ለሚያነሳሱት ነገር ምላሽ አለመስጠት እና ከፍተኛ የሆነ የሰውነት መድረቅ ምልክቶች ካሳዩ በአስቸኳይ ወደ ሕክምና መሄድ ያስፈልጋል።,null,,,
knowledge|41#1,knowledge,"የሚከተለውን ጥያቄ በአጭሩ እና በትክክል መልስ።

ጥያቄ፡ በኢትዮጵያ ባህል ውስጥ ለምን በዓላት ወቅት ልዩ የሆኑ ምግቦች ይዘጋጃሉ?",በኢትዮጵያ ባህል ውስጥ በዓላት ልዩ ምግቦች የሚዘጋጁባቸው ዋና ዋና ምክንያቶች ማህበራዊ ትስስርን ለማጠናከር፣ ለሃይማኖታዊ ሥርዓቶች ክብር ለመስጠት እና የደስታ መግለጫ ለመሆን ነው። እነዚህ ምግቦች ቤተሰብና ዘመድ በአንድነት ተሰብስበው እንዲመገቡ በማድረግ የአንድነት ስሜትን ያጎላሉ።,null,,,
knowledge|48#8,knowledge,"የሚከተለውን ጥያቄ በአጭሩ እና በትክክል መልስ።

ጥያቄ፡ ለሕፃናት እድገት አስፈላጊ የሆኑ ዋና ዋና የአመጋገብ ንጥረ ነገሮች የትኞቹ ናቸው?",ለሕፃናት እድገት አስፈላጊ የሆኑ ዋና ዋና የአመጋገብ ንጥረ ነገሮች ፕሮቲኖች፣ ካርቦሃይድሬት፣ ቅባቶች፣ ቫይታሚኖች እና ማዕድናት ናቸው። በተለይም ለሰውነት ግንባታ ፕሮቲኖች፣ ለተጨማሪ ጉልበት ካርቦሃይድሬት እና ቅባቶች፣ እንዲሁም ለተለያዩ የሰውነት ተግባራት ቫይታሚኖችና ማዕድናት ወሳኝ ሚና ይጫወታሉ።,null,,,
knowledge|50#2,knowledge,"ስለሚከተለው ጥያቄ ግልጽ እና አጭር መልስ ስጥ፡
በቤት ውስጥ ያለን የቆሻሻ ማስወገጃ ሥርዓት እንዴት ማሻሻል ይቻላል?",በቤት ውስጥ ያለን የቆሻሻ ማስወገጃ ሥርዓት ለማሻሻል ቆሻሻን በምንጩ መለየት፣ እንደ የምግብ ተረፈ ምርቶች ያሉ ተለዋዋጭ ቆሻሻዎችን ለተክሎች ማዳበሪያነት መጠቀም እና በየቀኑ ቆሻሻን በአግባቡ ማስወገድ ያስፈልጋል። በተጨማሪም፣ የአካባቢውን የቆሻሻ አሰባሰብ ሥርዓት መከተል እና በቤት ውስጥ የሚፈጠሩ ፕላስቲኮችን መቀነስ የአካባቢ ንጽህናን ለመጠበቅ ይረዳል።,null,,,
knowledge|11#7,knowledge,በእሳት አደጋ ወቅት ጭስ በብዛት በሚኖርበት ጊዜ መተንፈሻ አካልን ለመጠበቅ እንዴት መጓዝ ይገባል?,በእሳት አደጋ ወቅት ጭስ በብዛት በሚኖርበት ጊዜ፣ መሬት ላይ ዝቅ ብሎ በመሄድ ወይም እየተሳበ መጓዝ ይገባል። ምክንያቱም ንጹህ አየር ወደ ላይ ስለሚወጣና ጭስ ወደ ላይ ስለሚከማች፣ መሬት አቅራቢያ ያለው አየር ለመተንፈስ የተሻለ ነው።,null,,,
comprehension|101#1,comprehension,"የተሰጠውን ጽሑፍ በጥንቃቄ ካነበብክ በኋላ የቀረበውን ጥያቄ መልስ።

ጽሑፍ፡ በአውሮፓዊው የቡና ምርት ጥናት ተቋም ባወጣው ሪፖርት መሰረት በሰሜን ኬፕ ተብሎ በሚጠራው አካባቢ የቡና ምርት በከፍተኛ ሁኔታ ቀንሷል። የጥናቱ መሪ የሆኑት ዶክተር ማርክስ ሄለን በሰጡት መግለጫ የቡና ተክሎች ላይ የደረሰው የጥቁር ዝንብ በሽታ ምክንያት ጉዳቱ የከፋ መሆኑን ገልጸዋል። በሪፖርቱ ላይ እንደተጠቀሰው በዘንድሮው የቡና መሰብሰቢያ ወቅት በአካባቢው የሚገኙ አምስት መቶ ተክል በሙሉ በበሽታው ተጠቅተውለታል። ይህ ችግር በክልሉ የሚገኙ የቡና ላኪ ድርጅቶች በዓመት የሚያገኙትን ገቢ በሰላሳ በመቶ እንዲቀንስ አድርጎታል። የጥናት ተቋሙ አርሶ አደሮች በሽታውን ለመከላከል አዲስ ዓይነት የተፈጥሮ ማዳበሪያ መጠቀም እንዳለባቸው አሳስቧል። በዘንድሮው ዓመት ምርቱ በቁጥር በሁለት መቶ ኪሎ ግራም ብቻ እንዲቀንስ ማድረጉን የሪፖርቱ መረጃ ያሳያል። የቡና ምርቱን ለመመለስ በክልሉ ውስጥ አዳዲስ የጥናት ስራዎች በከፍተኛ ወጪ እየተከናወኑ መሆኑን መረጃው አረጋግጧል።

ጥያቄ፡ በሰሜን ኬፕ አካባቢ የቡና ምርት እንዲቀንስ ምክንያት የሆነው ዋናው ችግር ምንድን ነው?",በሰሜን ኬፕ አካባቢ የቡና ምርት እንዲቀንስ ምክንያት የሆነው ዋናው ችግር የቡና ተክሎች ላይ የደረሰ የጥቁር ዝንብ በሽታ ነው።,null,,,
comprehension|46#2,comprehension,"ከዚህ በታች ያለውን ምንባብ አንብበህ ጥያቄውን መልስ።

Context:
በአንድ መቶ ዘጠና አምስት ዓመተ ምህረት በምስራቅ አቅጣጫ በሚገኘው የብርሃን ከተማ ውስጥ የቴክኖሎጂ ጥናት ማዕከል አዲስ የኤሌክትሪክ ማመንጫ ግንብ ገንብቷል። ይህ ግንብ በከተማዋ ውስጥ ለሚገኙ አምስት መቶ ቤቶች በየቀኑ ስልሳ ሜጋ ዋት የኤሌክትሪክ ኃይል ለማቅረብ ታስቦ የተሰራ ነው። የጥናት ማዕከሉ ዋና መሐንዲስ አቶ ደመሰበ ኃይሌ ግንባታው በአምስት ወራት ውስጥ መጠናቀቁን ለሕዝቡ በሰጡት መግለጫ አረጋግጠዋል። ግንባታው ለመጠናቀቅ በአጠቃላይ አራት መቶ ሰማንያ የቴክኒክ ባለሙያዎች እና ሰልጣኞች በጋራ ሰርተዋል። ይህ አዲስ የኃይል ምንጭ በከተማዋ ውስጥ ያለውን የኢንዱስትሪ እንቅስቃሴ በሰባት እጥፍ ለማሳደግ ትልቅ ሚና ይጫወታል።

የቴክኖሎጂ ጥናት ማዕከል የገነባው አዲስ የኤሌክትሪክ ማመንጫ ግንብ በየቀኑ ለስንት ቤቶች የኤሌክትሪክ ኃይል ያቀርባል?",አዲሱ የኤሌክትሪክ ማመንጫ ግንብ በየቀኑ ለአምስት መቶ ቤቶች የኤሌክትሪክ ኃይል ያቀርባል።,null,,,
comprehension|283#0,comprehension,"ከዚህ በታች ያለውን ምንባብ አንብበህ ጥያቄውን መልስ።

Context:
በሰኔ ፲፪ ቀን በሀገር ውስጥ በሚገኘው የዘመድ ግንኙነት ማጠናከሪያ ማህበር አማካኝነት በአዲስ አበባ ከተማ ውስጥ ትልቅ የቤተሰብ ስብሰባ ተካሄደ። በዚህ ታላቅ ዝግጅት ላይ ከ፲፭ በላይ የቤተሰብ አባላት በታላቁ የሰላም አዳራሽ ውስጥ ተሰባስበው የቆየውን ትውስታ ለማስታወስ ተገኝተዋል። የዝግጅቱ መሪ የሆኑት አቶ በቀለ ተክሌ በንግግራቸው ወቅት የቤተሰቡን አንድነት ለመጠበቅ የሁላችንም ጥረት አስፈላጊ መሆኑን በዝርዝር አብራርተዋል። በዝግጅቱ ወቅት በ፳፻፲፯ ዓመተ ምህረት የተመሰረተው የጎሳ ወንድማማቾች ማህበር አዲስ የገንዘብ ድጋፍ ለማድረግ ቃል ገብቷል። በዝግጅቱ ላይ የተገኙት ፳ አባላት በጋራ በመሆን ለወጣቱ ትውልድ የሚሆን የትምህርት ስንቅ ለመግዛት በ፪፻፳፬ ብር ወስነዋል። የቤተሰቡ ታላቅ አያት ወይዘሮ አልማዝ በዝግጅቱ ላይ በመገኘት ለልጅ ልጆቻቸው የባህል እሴቶችን እንዲጠብቁ ጠንካራ ምክር ሰጥተዋል። በዝግጅቱ ማጠቃለያ ላይ በ፪ ሰዓት የተከናወነው የራት ግብዣ ለሁሉም ተሳታፊዎች በልዩ ሁኔታ የቀረበ ነበር። የቤተሰቡ አባላት በጋራ በመሆን በወር አንድ ጊዜ እንዲገናኙና መረጃ እንዲለዋወጡ በስምምነት ተስማምተዋል። ይህ ዝግጅት በቤተሰቡ ውስጥ ያለውን ፍቅርና መተሳሰብ ለማሳየት ትልቅ አቅም ሆኖ አገልግሏል።

በዝግጅቱ ላይ የቤተሰቡ ታላቅ አያት የሆኑት ማን ናቸው?",በዝግጅቱ ላይ የተገኙት የቤተሰቡ ታላቅ አያት ወይዘሮ አልማዝ ናቸው።,null,,,
comprehension|114#1,comprehension,"ንባቡን መሠረት በማድረግ ጥያቄውን መልስ።

Context:
ማሽን ለርኒንግ የተባለው የቴክኖሎጂ ክፍል የኮምፒውተር ፕሮግራሞች ያለ ግልጽ መመሪያ በራሳቸው እንዲማሩ የሚያስችል ልዩ የጥናት መስክ ነው። እነዚህ ፕሮግራሞች በከፍተኛ መጠን የሚገኙ መረጃዎችን በመጠቀም በውስጣቸው ያሉ ቅጦችን እና ግንኙነቶችን በሂደት የመለየት ችሎታ አላቸው። በዚህ ሂደት ውስጥ ኮምፒውተሩ ከሚያገኘው መረጃ በመነሳት ስህተቶቹን በማረም ወደ ተሻለ ውጤት ለመድረስ ይጥራል።

ማሽን ለርኒንግ ፕሮግራሞች መረጃዎችን በመጠቀም ምን የመለየት ችሎታ አላቸው?",ማሽን ለርኒንግ ፕሮግራሞች በከፍተኛ መጠን የሚገኙ መረጃዎችን በመጠቀም በውስጣቸው ያሉ ቅጦችን እና ግንኙነቶችን በሂደት የመለየት ችሎታ አላቸው።,null,,,
comprehension|97#2,comprehension,"በሚከተለው ጽሑፍ መሠረት ጥያቄውን በአጭሩ መልስ።

Context:
የኤሌክትሪክ ሽቦዎችና የኤሌክትሪክ መሣሪያዎች ደህንነትን ለመጠበቅ በቤት ውስጥ የሚደረጉ ጥንቃቄዎች እጅግ በጣም አስፈላጊና ወሳኝ ተግባራት ናቸው። የኤሌክትሪክ ሽቦዎች ሲቆረጡ ወይም ሲላጡ ሊከሰት የሚችለውን የኤሌክትሪክ ንዝረት ለመከላከል አዳዲስ ሽቦዎችን መጠቀም ያስፈልጋል። በቤት ውስጥ የሚገኙ የኤሌክትሪክ ሶኬቶች ላይ ከአቅም በላይ የሆነ የኤሌክትሪክ ጫና አለመፍጠር ለቤት ደህንነት ትልቅ ዋጋ አለው። የኤሌክትሪክ መሣሪያዎችን በውሃ አካባቢ ወይም እርጥበት ባላቸው ቦታዎች ላይ አለመጠቀም ለድንገተኛ አደጋዎች መጋለጥን ይቀንሳል። የኤሌክትሪክ መቆጣጠሪያዎችና መከላከያዎች በትክክል መሥራታቸውን በየጊዜው መፈተሽ ለቤተሰብ ሰላምና ለንብረት ጥበቃ ይረዳል። በኤሌክትሪክ አያያዝ ወቅት የሚደረጉ ስህተቶች ከፍተኛ የቃጠሎ ወይም የቤት እሳት አደጋዎችን ሊያስከትሉ እንደሚችሉ ማወቅ ያስፈልጋል።

በቤት ውስጥ የሚገኙ የኤሌክትሪክ ሶኬቶች ላይ ከአቅም በላይ የሆነ የኤሌክትሪክ ጫና አለመፍጠር ለምን አስፈላጊ ነው?",በቤት ውስጥ የሚገኙ የኤሌክትሪክ ሶኬቶች ላይ ከአቅም በላይ የሆነ የኤሌክትሪክ ጫና አለመፍጠር ለቤት ደህንነት ትልቅ ዋጋ አለው።,null,,,
comprehension|67#0,comprehension,"በሚከተለው ጽሑፍ መሠረት ጥያቄውን በአጭሩ መልስ።

Context:
በሰኔ ፲፪ ቀን በዝቅተኛው የዞን መስተዳድር መሪ አቶ በቀለ ተስፋዬ በሰጠው መግለጫ አዲስ የቴክኖሎጂ ትምህርት ማዕከል በዘርክ ከተማ እንደሚከፈት አስታውቀዋል። ይህ ትልቅ ፕሮጀክት በጠቅላላው ፭ ሚሊዮን ብር ወጪ የሚከናወን ሲሆን ለ፲፭ ዓመት የሚቆይ የትምህርት ዕቅድንም ያካተተ ነው። ማዕከሉ በየቀኑ ለ፪፻ ሃምሳ ተማሪዎች የኮምፒውተር ስልጠና ለመስጠት ታቅዶ የተዘጋጀ ሲሆን ለዚህም ፲፪ አዳዲስ ላፕቶፖች ተገዝተዋል። የትምህርት ሚኒስቴር ተወካዮች በቦታው ተገኝተው የትምህርት ጥራትን ለማሻሻል የሚደረገውን ጥረት በከፍተኛ ሁኔታ አድንቀዋል። ተማሪዎች ከቴክኖሎጂው ጋር እንዲላመዱ ለማድረግ ልዩ የክህሎት ማዳበሪያ ፕሮግራሞች በየሳምንቱ በሁለት ቀናት ውስጥ ይሰጣሉ።

በዘርክ ከተማ የሚከፈተው አዲስ የቴክኖሎጂ ማዕከል ለስንት ዓመታት የሚያገለግል የትምህርት ዕቅድ አለው?",አዲሱ የቴክኖሎጂ ማዕከል ለ15 ዓመታት የሚቆይ የትምህርት ዕቅድ አለው።,null,,,
comprehension|140#2,comprehension,"ከዚህ በታች የቀረበውን መረጃ በመጠቀም ለጥያቄው መልስ ስጥ።

Context:
የሎሚ ጭማቂ በውስጡ ከፍተኛ መጠን ያለው ሲትሪክ አሲድ ይይዛል ተብሎ ይታወቃል። ይህ አሲድ በምግብ እና በመጠጥ ውስጥ እንደ ተፈጥሯዊ ማጣፈጫ እና ማቆያነት ያገለግላል። ለምሳሌ አትክልቶች ከተቆረጡ በኋላ እንዳይቀላቀሉ ወይም እንዳይቀለሙ ለማድረግ የሎሚ ጭማቂ መጠቀም ይቻላል። የሎሚ ጭማቂ በውስጡ ያለው አሲድነት ባክቴሪያዎች በፍጥነት እንዳይራቡ በማድረግ የምግብን ጥራት ይጠብቃል። በተጨማሪም ይህ አሲድ በቤት ውስጥ ለሚደረጉ የጽዳት ስራዎች እንደ ተፈጥሯዊ ማጽጃ ሊያገለግል ይችላል። ለምሳሌ በብረት ዕቃዎች ላይ ያሉትን እድፎች ለማስወገድ የሎሚ ጭማቂ ውጤታማ ነው። ነገር ግን የሎሚ ጭማቂ በጣም አሲዳማ ስለሆነ በጥርሶች ላይ ተጽዕኖ ሊያሳድር ስለሚችል ጥንቃቄ ያስፈልጋል። የሎሚ ጭማቂን መጠቀም ለተፈጥሮ ተስማሚ እና ለጤና ጠቃሚ የሆነ የኬሚካል አጠቃቀም ዘዴ ነው።

የሎሚ ጭማቂ ለብረት ዕቃዎች እድፍ ማጽጃነት ሊያገለግል ይችላል?",አዎ፣ የሎሚ ጭማቂ በብረት ዕቃዎች ላይ ያሉትን እድፎች ለማስወገድ እንደ ተፈጥሯዊ ማጽጃ ሊያገለግል ይችላል።,null,,,
comprehension|166#0,comprehension,"ይህን ምንባብ መሠረት በማድረግ ለጥያቄው መልስ ስጥ።

ምንባብ፡ በአስራ ስምንት መቶ ዘጠና ስምንት ዓመተ ምህረት በኢትዮጵያ ምድር ላይ የታወቀው የአድዋ ጦርነት ተካሂዷል። በወቅቱ የነበረው የኢትዮጵያ መንግሥት በጣሊያን ወራሪ ኃይል ላይ ከፍተኛ ተጋድሎ አድርጎ ድል ተቀዳጅቷል። የኢትዮጵያ ጦር ሰራዊት በከፍተኛ አንድነትና ብርታት በመሰለፍ ጠላትን ለማሸነፍ በቁርጠኝነት ተሰልፏል። ይህ ታላቅ ድል የኢትዮጵያን ነፃነትና ሉዓላዊነት ለዓለም አቀፉ ማኅበረሰብ በግልጽ አሳይቷል። የጦርነቱ ውጤት የአፍሪካ አገራት በቅኝ ግዛት ሥር እንዳይወድቁ ትልቅ ተስፋና መነሳሳትን ፈጥሯል። በወቅቱ የነበሩት የአገር መሪዎችና ወታደሮች ለሀገራቸው ክብር ሲሉ ከፍተኛ መስዋዕትነት ከፍለዋል።

ጥያቄ፡ የአድዋ ጦርነት ውጤት ለአፍሪካ አገራት ምን ዓይነት ተጽዕኖ አሳድሯል?",የአድዋ ጦርነት ውጤት የአፍሪካ አገራት በቅኝ ግዛት ሥር እንዳይወድቁ ትልቅ ተስፋና መነሳሳትን ፈጥሯል።,null,,,
comprehension|85#2,comprehension,"ከዚህ በታች ያለውን ምንባብ አንብበህ ጥያቄውን መልስ።

Context:
በኢትዮጵያ ታሪክ ውስጥ የነፃነት ንቅናቄዎች በሦስት ዋና ዋና ዘርፎች ላይ ትኩረት አድርገው ነበር። የመጀመሪያው ዘርፍ በሕዝብ መብትና በፍትሐዊነት ላይ ያተኮረ ሲሆን ሁለተኛው ዘርፍ ደግሞ በኢኮኖሚ ሉዓላዊነት ላይ ያተኮረ ነበር። ሦስተኛውና የመጨረሻው ዘርፍ ደግሞ በባህላዊ እሴቶችና በሀገራዊ ማንነት ላይ ትኩረት ያደረገ እንቅስቃሴ ነበር። እነዚህ ሦስት ዘርፎች እርስ በእርስ ተደጋግፈው ለታላቁ የለውጥ ሂደት ትልቅ አስተዋጽኦ አበርክተዋል። በወቅቱ የነበሩት የጥናት ማዕከላት ስለነዚህ ዘርፎች ጥልቅ ምርምር በማድረግ ለሕዝቡ ግንዛቤ ይፈጥሩ ነበር። በመሆኑም እነዚህ ሦስት ዘርፎች ለነፃነት እንቅስቃሴው ስኬት ወሳኝ ነበሩ።

የነፃነት ንቅናቄዎች በስንት ዋና ዋና ዘርፎች ላይ ትኩረት አድርገው ነበር?",የነፃነት ንቅናቄዎች በሦስት ዋና ዋና ዘርፎች ላይ ትኩረት አድርገው ነበር።,null,,,
comprehension|183#2,comprehension,"ጽሑፉን አንብበህ ጥያቄውን መልስ፡

ጽሑፍ፡ በታላቁ የቡና ምርት ተመራማሪዎች ማዕከል ጥናት መሰረት በካቲት ወር ውስጥ በደቡብ አውራጃ በሚገኙ የቡና እርሻዎች ላይ ከፍተኛ የጥቁር ነፍሳት ጥቃት ደርሷል። የጥናቱ መሪ የሆኑት የዶክተር አበበ ኃይሌ ቡድን እንደገለጹት ይህ ችግር በ120 ሄክታር መሬት ላይ ተስፋጭቶ የሚገኝ ሲሆን መፍትሄውም የተፈጥሮ ተባይ ማጥፊያዎችን መጠቀም ነው። አርሶ አደሮች ይህንን መፍትሄ ካልተገበሩ በቀን 5 ሄክታር መሬት እየጠፋ እንደሚሄድ ማዕከሉ አስጠንቅቋል።

ጥያቄ፡ በደቡብ አውራጃ በሚገኙ የቡና እርሻዎች ላይ የደረሰው የጥቁር ነፍሳት ጥቃት መፍትሄ ምንድን ነው?",በደቡብ አውራጃ በሚገኙ የቡና እርሻዎች ላይ የደረሰው የጥቁር ነፍሳት ጥቃት መፍትሄ የተፈጥሮ ተባይ ማጥፊያዎችን መጠቀም ነው።,null,,,
comprehension|11#2,comprehension,"ከዚህ በታች ያለውን ምንባብ አንብበህ ጥያቄውን መልስ።

Context:
አንድ ሰው በድንገት በድንጋይ ወይም በሌላ ጠንካራ ነገር ተመትቶ ራሱን ካቆሰለ መጀመሪያ የሰውየውን የንቃተ ህሊና ሁኔታ ማረጋገጥ ያስፈልጋል። ሰውየው ንቁ ከሆነና ደም የሚፈስ ከሆነ ንጹህ ጨርቅ በመጠቀም በቁስሉ ላይ ጫና በመፍጠር ደሙ እንዲቆም ማድረግ ይቻላል። ነገር ግን ሰውየው ራሱን ካላወቀና ትንፋሽ ካቀረበ በአፋጣኝ የድንገተኛ አደጋ ሰራተኞችን መጥራትና የመጀመሪያ እርዳታ መስጠት በጣም አስፈላጊ ነው። በራስ ጉዳት ወቅት የራስ ቅል መሰበር ካለ በጉዳቱ አካባቢ ላይ ከፍተኛ ጫና ማድረግ የጉዳቱን ሁኔታ ሊያባብስ ስለሚችል ጥንቃቄ ማድረግ ያስፈልጋል። የሰውየውን አንገት ወይም ትከሻ እንዳይነቃነቅ በማድረግ የአከርካሪ አጥንት ጉዳት እንዳይከሰት መከላከል ለህይወት መትረፍ ትልቅ አስተዋጽኦ አለው። በቁስሉ ላይ የሚፈስ ደም በጣም ከፍተኛ ከሆነና መቆም ካልቻለ በጨርቅ እየተሸፈኑ ወደ ህክምና ተቋም መውሰድ ይገባል። በድንገተኛ አደጋ ወቅት መረጋጋትና በሰላም እርዳታ መስጠት ለተጎጂው ደህንነት ወሳኝ የሆነ ተግባር ነው።

በራስ ጉዳት ወቅት የአከርካሪ አጥንት ጉዳት እንዳይከሰት ምን መደረግ አለበት?",በራስ ጉዳት ወቅት የአከርካሪ አጥንት ጉዳት እንዳይከሰት የሰውየውን አንገት ወይም ትከሻ እንዳይነቃነቅ በማድረግ መከላከል ያስፈልጋል።,null,,,
comprehension|327#2,comprehension,"ከዚህ በታች የቀረበውን መረጃ በመጠቀም ለጥያቄው መልስ ስጥ።

Context:
በከተማው መሃል በሚገኝ ትምህርት ቤት ውስጥ ተማሪዎች በቴክኖሎጂ የታገዘ ትምህርት ለመከታተል ልዩ ትኩረት ይሰጣቸዋል። በትምህርት ቤቱ ውስጥ የተገጠሙ የኮምፒውተር ክፍሎች ተማሪዎች ስለ ዲጂታል ዓለም ግንዛቤ እንዲኖራቸው ትልቅ ሚና ይጫወታሉ። መምህራን የቴክኖሎጂ ውጤቶችን በመጠቀም ትምህርቱን ይበልጥ ሳቢ እና ዘመናዊ ለማድረግ በየቀኑ ይጥራሉ። ተማሪዎች በየሳምንቱ በሚደረጉ የሳይንስ ትርኢቶች አማካኝነት በተግባር የታገዘ እውቀት እንዲያገኙ ይደረጋል። በትምህርት ቤቱ ውስጥ የሚገኙ የኢንተርኔት አገልግሎቶች ተማሪዎች ለጥናት የሚያስፈልጋቸውን መረጃ በፍጥነት እንዲያገኙ ይረዳሉ። ተማሪዎች በየቀኑ ትምህርት ከመጀመራቸው በፊት የዲሲፕሊን ስርአትን ለመጠበቅ በጋራ ይቆማሉ። በትምህርት ቤቱ ውስጥ የሚገኙ የክለብ አባላት በየወሩ የሚዘጋጁ የውይይት መድረኮችን በማዘጋጀት ተማሪዎችን ያሳትፋሉ። መምህራን ተማሪዎች በቴክኖሎጂ አጠቃቀም ላይ የነበራቸውን ችግር ለመፍታት ልዩ ድጋፍ እና ስልጠና ይሰጣሉ። ተማሪዎች በየዓመቱ በሚካሄደው የቴክኖሎጂ ኤግዚቢሽን ላይ የራሳቸውን የፈጠራ ውጤቶች ለሌሎች ያሳያሉ። በትምህርት ቤቱ ውስጥ የሚገኙ የዲጂታል ቤተመጽሐፍት ተማሪዎች በዓለም ዙሪያ ያሉ መጽሐፍትን እንዲያነቡ ያስችላቸዋል። ተማሪዎች በቴክኖሎጂ የታገዘ ትምህርት መማራቸው ለወደፊት የሥራ ሕይወታቸው መሰረት እንዲሆን ይደረጋል።

በትምህርት ቤቱ ውስጥ የሚገኙ የኮምፒውተር ክፍሎች ለተማሪዎች ምን ዓይነት ጥቅም ይሰጣሉ?",በትምህርት ቤቱ ውስጥ የተገጠሙ የኮምፒውተር ክፍሎች ተማሪዎች ስለ ዲጂታል ዓለም ግንዛቤ እንዲኖራቸው ትልቅ ሚና ይጫወታሉ።,null,,,
comprehension|164#2,comprehension,"ጽሑፉን አንብበህ ጥያቄውን መልስ፡

ጽሑፍ፡ በወርቃማው ሜዳ ስር በሚገኘው የሰላም ከተማ የዓመት የሰብል በዓል በታኅሣሥ አምስት ቀን ተከብሯል። የሰላም ከተማ የግብርና ማህበር አባላት በበዓሉ ላይ ምርጥ ምርቶቻቸውን ለሽያጭ አቅርበዋል። በበዓሉ ወቅት በከተማዋ መሃል በሚገኘው ትልቅ ገበያ ላይ አሥር የተለያዩ የሰብል አይነቶች ይሸጣሉ። በዓሉን ለማክበር በከተማዋ ውስጥ የሚገኙ አምስት ትላልቅ የባህል ቡድኖች ልዩ ትርኢት አሳይተዋል። የሰላም ከተማ ነጋዴዎች በበዓሉ ምክንያት በሃያ ሺህ ብር የሚገመት ተጨማሪ ትርፍ አግኝተዋል። በዓሉን ለመታደም የመጡት ሰዎች በሙሉ በሰላማዊ ሁኔታ ተገኝተው በዓሉን አክብረዋል። በበዓሉ ማጠቃለያ ላይ ለተሳታፊዎች በሙሉ በነፃ የሚቀርብ የጥራጥሬ ምግብ በከተማው መሃል ተሰጥቷል። ይህ በዓል በየዓመቱ በሰላም ከተማ ውስጥ በታላቅ ድምቀት የሚከበር የሰብል በዓል ነው።

ጥያቄ፡ በሰላም ከተማ የሰብል በዓል ላይ ለሽያጭ የቀረቡት የሰብል አይነቶች ብዛት ስንት ነው?",በሰላም ከተማ የሰብል በዓል ላይ አሥር የተለያዩ የሰብል አይነቶች ለሽያጭ ቀርበዋል።,null,,,
translation|26#4,translation,"ከታች ያለውን English ጽሑፍ ወደ አማርኛ ተርጉም።

Context:
New scholarship opportunities are available for high school graduates who excel in mathematics and physics.",በሒሳብ እና በፊዚክስ ትምህርት ከፍተኛ ውጤት ላስመዘገቡ የሁለተኛ ደረጃ ትምህርት ቤት ተመራቂዎች አዳዲስ የትምህርት ዕድሎች ተዘጋጅተዋል።,null,,,
translation|16#5,translation,"የሚከተለውን የእንግሊዝኛ ዓረፍተ ነገር ወደ አማርኛ ተርጉም።

Context:
Gravity is the invisible force that keeps our feet on the ground.",ስበት እግራችንን መሬት ላይ እንዲቆይ የሚያደርግ የማይታይ ኃይል ነው።,null,,,
translation|39#5,translation,"Translate the following Amharic text into English: ""መንገዱ በጣም አድካሚ ስለነበረ በድንገት እረፍት መውሰድ ፈለግኩ።""","Because the road was very tiring, I suddenly wanted to take a rest.",null,,,
translation|12#4,translation,"የሚከተለውን የእንግሊዝኛ ዓረፍተ ነገር ወደ አማርኛ ተርጉም።

Context:
What causes the water to flow from the mountains down to the lowlands?",ውሃ ከተራራዎች ተነስቶ ወደ ዝቅተኛ ቦታዎች እንዲፈስ የሚያደርገው ምንድን ነው?,null,,,
translation|28#5,translation,"የሚከተለውን የእንግሊዝኛ ዓረፍተ ነገር ወደ አማርኛ ተርጉም።

Context:
Is the metro system running on time during the weekend holidays?",በሳምንቱ መጨረሻ በዓላት ወቅት የመትሮ የትራንስፖርት ሥርዓቱ በሰዓቱ እየሠራ ነው?,null,,,
translation|49#2,translation,"ይህን አማርኛ ጽሑፍ ወደ እንግሊዝኛ ተርጉምልኝ።

Context:
ከልክ በላይ ስኳርና ጨው መጠቀም ለደም ግፊትና ለሌሎች በሽታዎች መንስኤ ሊሆን ይችላል።",Using excessive amounts of sugar and salt can cause high blood pressure and other diseases.,null,,,
translation|18#6,translation,"ይህን እንግሊዝኛ ጽሑፍ ወደ አማርኛ ተርጉምልኝ።

Context:
Using organic fertilizer can significantly improve the yield of your cereal farm.",ኦርጋኒክ ማዳበሪያ መጠቀም የጥራጥሬ እርሻዎ ምርታማነትን በከፍተኛ ሁኔታ ሊያሻሽል ይችላል።,null,,,
translation|40#5,translation,"ከእንግሊዝኛ ወደ አማርኛ ተርጉም።

Context:
We usually eat our lunch together under the big tree during the break.",በእረፍት ጊዜያችን ብዙውን ጊዜ ምሳችንን በትልቁ ዛፍ ስር አብረን እንመገባለን።,null,,,
translation|4#0,translation,"ከታች ያለውን English ጽሑፍ ወደ አማርኛ ተርጉም።

Context:
The ancient Egyptians built massive pyramids near the Nile River.",ጥንታዊ ግብፃውያን በናይል ወንዝ አቅራቢያ ግዙፍ ፒራሚዶችን ገንብተዋል።,null,,,
translation|21#1,translation,"የሚከተለውን የአማርኛ ዓረፍተ ነገር ወደ እንግሊዝኛ ተርጉም።

Context:
በጎሳው መሠረት በቤት ውስጥ የሚደረግ የእንስሳት እንክብካቤ ዘዴዎች በየወቅቱ ሊለወጡ ይችላሉ።",Animal husbandry methods practiced at home may vary depending on the tribe.,null,,,
translation|6#1,translation,"Translate into Amharic:

To prevent malaria, make sure there is no stagnant water around your house.",ወባን ለመከላከል፣ በቤትዎ አካባቢ የቆመ ውሃ አለመኖሩን ያረጋግጡ።,null,,,
translation|58#0,translation,"Translate the following English text into clear and natural Amharic: ""Why does bread rise when we add yeast to the dough?""",በዱቄት ውስጥ እርሾ ስንጨምር ዳቦ ለምን ይነፋል?,null,,,
translation|51#7,translation,"የሚከተለውን የአማርኛ ጽሑፍ ወደ እንግሊዝኛ ተርጉም፡ ""አዲስ የተወለዱ ሕፃናት በመጀመሪያዎቹ ወራት ውስጥ ወሳኝ የሆኑ ክትባቶችን ማግኘት አለባቸው።""",Newborn babies should receive critical vaccinations during their first months.,null,,,
summarisation|319#1,summarisation,"እባክዎን ይህን ጽሑፍ በአጭሩ ያጠቃልሉ።

Context:
የማሽን መማር ሂደት በሰው ሰራሽ አስተውሎት ውስጥ በጣም ወሳኝ እና መሰረታዊ የሆነ የቴክኖሎጂ ክፍል መሆኑን ማወቅ ያስፈልጋል። ይህ ሂደት ኮምፒውተሮች በሰው ልጆች እርዳታ ሳይደረግላቸው መረጃዎችን በመጠቀም ራሳቸውን እንዲያሻሽሉ የሚያስችል የቴክኖሎጂ ዘዴ ነው። መረጃዎች በብዛት ሲገኙ ማሽኖች የተደበቁ ግንኙነቶችን እና ስርዓቶችን በራሳቸው የማግኘት ልዩ ችሎታ ይኖራቸዋል። በኢትዮጵያ ውስጥ ያሉ የሶፍትዌር ባለሙያዎች ይህንን ዘዴ በመጠቀም ለሀገር ውስጥ ችግሮች መፍትሄ የሚሆኑ መተግበሪያዎችን እየፈጠሩ ነው። የማሽን መማር ሁለት ዋና ዋና ዓይነቶች ሲኖሩ እነሱም በበላይነት መረጃን በመጠቀም እና ያለበላይነት መረጃን በመጠቀም የሚሰሩ ናቸው። በበላይነት መረጃን የመጠቀም ዘዴ ኮምፒውተሩ ትክክለኛውን መልስ እንዲያውቅ መረጃዎችን አስቀድሞ ማሳወቅን የሚጠይቅ ተግባር ነው። ያለበላይነት መረጃን የመጠቀም ዘዴ ግን ኮምፒውተሩ በራሱ ውስጥ ያሉ ተመሳሳይነቶችን እንዲፈልግ የሚያደርግ የላቀ ዘዴ ነው። ይህ ቴክኖሎጂ በኢትዮጵያ የባንክ አገልግሎት ውስጥ የደንበኞችን ባህሪ ለመረዳት እና የደህንነት ጥበቃ ለማድረግ ጥቅም ላይ ይውላል። የዳታ ጥራት እና ብዛት ለማሽኑ መማር ስኬታማነት ወሳኝ መሆኑን ሁልጊዜም ልብ ማለት ያስፈልጋል። በኢትዮጵያ ውስጥ የሚገኙ የዳታ ማዕከላት ይህንን የቴክኖሎጂ እድገት ለመደገፍ የሚያስችሉ መረጃዎችን ማደራጀት ይኖርባቸዋል። ማሽኖች መረጃዎችን ሲተነትኑ ከጊዜ ወደ ጊዜ ትክክለኛነታቸው እየጨመረ መሄዱ የቴክኖሎጂው ትልቁ ስኬት ነው። የዚህ ቴክኖሎጂ መሰረታዊ እውቀት ለወደፊቱ የኢትዮጵያ የቴክኖሎጂ ኢንዱስትሪ እድገት መሰረት ነው። የሰው ሰራሽ አስተውሎት እና የማሽን መማር ግንኙነት እጅግ ጥልቅ እና እርስ በእርስ የተሳሰሩ መሆኑን መረዳት ይገባል።",ማሽን መማር ኮምፒውተሮች መረጃን በመጠቀም ራሳቸውን የሚያሻሽሉበት የሰው ሰራሽ አስተውሎት ወሳኝ ክፍል ነው። ይህ ቴክኖሎጂ በኢትዮጵያ የባንክ አገልግሎት እና ለተለያዩ ችግሮች መፍትሄ ለመስጠት ጥቅም ላይ እየዋለ ሲሆን፣ በበላይነት እና ያለበላይነት መረጃን በመጠቀም የሚከናወን ነው።,null,,,
summarisation|54#0,summarisation,"የሚከተለውን ጽሑፍ አጠቃልል።

Context:
ዕፅዋት ለህልውናቸው የሚያስፈልጋቸውን ምግብ ለማዘጋጀት የፀሐይ ብርሃንን በመጠቀም ውስብስብ የሆነ የኬሚካዊ ሂደት ያካሂዳሉ። በዚህ ሂደት ውስጥ ዕፅዋት ከአየር ውስጥ ካርቦን ዳይኦክሳይድን እና ከመሬት ውስጥ ውሃን በመሳብ ለውጥ ያደርጋሉ። የቅጠሎች ውስጥ የሚገኙት አረንጓዴ ቅንጣቶች የፀሐይ ብርሃን ጉልበትን በመ absorbs ማድረግ ለምግብ ዝግጅቱ መሰረት ይሆናሉ። በዚህ ሂደት አማካኝነት ዕፅዋት ስኳር ወይም ግሉኮስ በመስራት ለዕድገታቸው የሚያስፈልጋቸውን ጉልበት በውስጣቸው ያከማቻሉ። በተጨማሪም በዚህ የኬሚካዊ ሂደት ወቅት ለሰው ልጆች እና ለሌሎች ፍጥረታት አስፈላጊ የሆነውን ኦክስጅን ወደ አየር ይለቃሉ። ስለዚህ የፎቶሲንተሲስ ሂደት ለምድር ላይ ያለውን የሕይወት ሚዛን ለመጠበቅ እጅግ በጣም ወሳኝ የሆነ ተግባር ነው።",ዕፅዋት የፀሐይ ብርሃንን፣ ካርቦን ዳይኦክሳይድን እና ውሃን በመጠቀም ለዕድገታቸው የሚያስፈልጋቸውን ምግብ የሚያዘጋጁበት የፎቶሲንተሲስ ሂደት ያካሂዳሉ። በዚህ ሂደት ውስጥ ስኳርን የሚያዘጋጁ ሲሆን፣ ለሌሎች ፍጥረታት አስፈላጊ የሆነውን ኦክስጅንም ወደ አየር ይለቃሉ።,null,,,
summarisation|98#0,summarisation,"እባክዎን ይህን ጽሑፍ በአጭሩ ያጠቃልሉ።

Context:
በሰኔ ፲፪ ቀን በዓለም አቀፍ የጠፈር ምርምር ማዕከል ውስጥ የባህር ዳር ኮከብ ተመራማሪዎች አዲስ የጠፈር አካል አግኝተዋል። ይህ አዲስ አካል በፀሐይ ሥርዓት ውስጥ ከጁፒተር ፕላኔት ርቀት ላይ የሚገኝ ሲሆን በብርሃን ፍጥነት በጣም ፈጣን እንቅስቃሴ ያሳያል። የጥናቱ መሪ የሆኑት ዶክተር አበበ በቀለ እንደገለጹት ይህ አካል በውስጡ ከፍተኛ መጠን ያለው የድንጋይ እና የብረት ድብልቅ ይዟል። በቅርቡ በተደረገው የቴሌስኮፕ ምርመራ መሰረት አካሉ በሰማይ ላይ በየሰከንዱ አምስት ኪሎ ሜትር ያህል ይጓዛል። የኮከብ መመልከቻ ማዕከሉ በሰጠው መረጃ መሰረት ይህ ግኝት በጠፈር ሳይንስ ታሪክ ውስጥ ትልቅ ለውጥ ያመጣል። የጠፈር ተመራማሪዎች ቡድኑ ይህ አካል ከሌሎች ከዋክብት ጋር ያለውን ግንኙነት ለመረዳት ጥልቅ ምርምር እያደረጉ ነው። በጠፈር ውስጥ የሚገኙት የጠብታ ኮከቦች ስብስብ ይህንን አዲስ አካል በቅርበት ለመከታተል ልዩ መሣሪያዎችን አዘጋጅቷል። የሳይንስ ተቋሙ የባህር ዳር ኮከብ መረጃዎችን ለዓለም አቀፍ የጠፈር ኮሚቴ በዝርዝር ማቅረብ መጀመሩን አስታውቋል። ይህ ግኝት በጠፈር ውስጥ ያሉ ሌሎች ድንገተኛ እንቅስቃሴዎችን ለመረዳት ትልቅ ዕውቀት እንደሚሰጥ ተገልጿል። ተመራማሪዎቹ በቀጣይ ወር ውስጥ ተጨማሪ የብርሃን ትንተናዎችን ለማድረግ በታላቅ ተስፋ እየተጠባበቁ ይገኛሉ። ይህ አዲስ ግኝት የሰው ልጅ ስለ ጠፈር ያለውን ግንዛቤ ወደ ላቀ ደረጃ እንደሚያሸጋግረው ይታመናል።",የባህር ዳር ኮከብ ተመራማሪዎች በፀሐይ ሥርዓት ውስጥ ከጁፒተር ርቀት ላይ የሚገኝና ከፍተኛ የድንጋይና ብረት ድብልቅ የያዘ አዲስ የጠፈር አካል አግኝተዋል። ይህ ግኝት በጠፈር ሳይንስ ታሪክ ውስጥ ትልቅ ለውጥ የሚያመጣ ሲሆን፣ ተመራማሪዎች አካሉ ከሌሎች ከዋክብት ጋር ያለውን ግንኙነት ለመረዳት ጥልቅ ምርምር እያደረጉ ነው።,null,,,
summarisation|18#2,summarisation,"የሚከተለውን ምንባብ በአጭሩ አጠቃልል፡

በካቲት ወር ውስጥ በምስራቅ ሜዳዎች በሚገኙ የእርሻ ማህበራት ስር የሚሰሩ ገበሬዎች አዲስ የቴክኖሎጂ መሣሪያዎችን መጠቀም ጀምረዋል። የኩላሊት የግብርና ማህበር አባል የሆኑት አቶ ታደሰ ካሳ በዘመናዊ መርፌ መዝራሪያ አማካኝነት የጤፍ ዘርን በሰፋፊ መሬት ላይ መዝራት መቻላቸውን ገልጸዋል። በዘንድሮው የዝግጅት ወቅት በሃያ ሺህ ሄክታር መሬት ላይ የተከናወነው ስራ ለክልሉ የሰብል ዋስትና ትልቅ አስተዋጽኦ ይኖረዋል። የግብርና ምርት ጥናት ተቋሙ እንደገለጸው በአዲሱ የዘር ዝርያ ምክንያት በሰብሉ ላይ የሚከሰተው የነፍሳት ጉዳት በአስራ አምስት በመቶ ቀንሷል። ይህ የቴክኖሎጂ ሽግግር በክልሉ ውስጥ የሚገኙ አምስት መቶ አርሶ አደሮችን የኑሮ ደረጃ ለማሻሻል ትልቅ ተስፋ ሰጪ እርምጃ ተደርጎ ተወስዷል።",በካቲት ወር ውስጥ በምስራቅ ሜዳዎች የሚገኙ ገበሬዎች አዳዲስ የቴክኖሎጂ መሣሪያዎችንና ዘመናዊ የዘር ዝርያዎችን መጠቀም ጀምረዋል። ይህ የቴክኖሎጂ ሽግግር በሰብል ምርታማነትና በነፍሳት ጉዳት መቀነስ ላይ ከፍተኛ ለውጥ በማምጣት የአምስት መቶ አርሶ አደሮችን የኑሮ ደረጃ ለማሻሻል ተስፋ ሰጥቷል።,null,,,
summarisation|122#2,summarisation,"የሚከተለውን ምንባብ በአጭሩ አጠቃልል፡

በሰኔ ፰ ዓመተ ምሕረት በወርቅ ደመና መሠረተ ልማት ትምህርት ቤት ውስጥ አዲስ የኮምፒውተር ላብራቶሪ ተከፍቷል። የትምህርት ቤቱ ተማሪዎች በቴክኖሎጂ የታገዘ ትምህርት እንዲያገኙ ለማድረግ ፳ አዳዲስ ኮምፒውተሮች ተገዝተው ተተክለዋል። የትምህርት ቤቱ ርዕሰ መምህር ወይዘሮ ማርታ አበበ አዲሱ ላብራቶሪ ለተማሪዎች የዲጂታል እውቀት ለማዳበር ትልቅ ሚና እንደሚኖረው ተናግራለች። በላብራቶሪው ውስጥ የሚገኙ ፳ አምስት ተማሪዎች በየቀኑ በየተራ የኮምፒውተር ትምህርት እንዲወስዱ ፕሮግራም ተደርጓል። የትምህርት ቤቱ የቴክኖሎጂ መምህር አቶ ሳሙኤል ኃይሌ ተማሪዎች በኢንተርኔት አጠቃቀም ላይ ጥንቃቄ እንዲያደርጉ አሳስቧል። በትምህርት ቤቱ ውስጥ የሚገኙ ፭ የቴክኖሎጂ ባለሙያዎች ለተማሪዎች ተግባራዊ ልምምድ እንዲሰጡ ተመድበዋል። ተማሪዎቹ በየሳምንቱ ቅዳሜ ዕለት በኮምፒውተር ፕሮግራሚንግ ላይ ልዩ ስልጠና እንዲወስዱ ታቅዷል። የትምህርት ቤቱ የገቢ ማሰባሰቢያ ኮሚቴ ለላብራቶሪው የሚያስፈልጉ ቁሳቁሶችን ለማሟላት ፭ ሺህ ብር ሰብስቧል። ተማሪዎች በቴክኖሎጂ የታገዘ ትምህርት በመውሰዳቸው ለወደፊት የሥራ ሕይወታቸው ዝግጁ እየሆኑ መሆኑ ተገልጿል። በላብራቶሪው ውስጥ የሚገኙ አዳዲስ የሶፍትዌር መሣሪያዎች ለተማሪዎች ምርምር እንዲሆኑ ተደርገው ተዘጋጅተዋል። የትምህርት ቤቱ የሳይንስ ክለብ አባላት በኮምፒውተር አማካኝነት አዳዲስ ግኝቶችን ለሌሎች ተማሪዎች ለማሳየት ዝግጅት እያደረጉ ነው። ይህ አዲስ መሣሪያ በትምህርት ቤቱ ውስጥ ያለውን የትምህርት ጥራት በከፍተኛ ደረጃ ከፍ ያደርገዋል።",በሰኔ ፰ ዓመተ ምሕረት በወርቅ ደመና መሠረተ ልማት ትምህርት ቤት ተማሪዎች የዲጂታል እውቀት እንዲያገኙ ፳ አዳዲስ ኮምፒውተሮች የታገዘ ላብራቶሪ ተከፍቷል። ይህ አዲስ ላብራቶሪ ተማሪዎች በተግባር የታገዘ የኮምፒውተር እና የፕሮግራሚንግ ስልጠና እንዲወስዱ በማድረግ የትምህርት ጥራትን ለማሳደግ ታቅዶ የተዘጋጀ ነው።,null,,,
summarisation|7#0,summarisation,"የሚከተለውን ጽሑፍ ዋና ዋና ነጥቦች ብቻ በመያዝ አጭር አድርገህ ግለጽ።

Context:
በሰኔ ፲፪ ቀን በታላቁ አባይ ከተማ በሚገኘው የሰላም ማዕከል ውስጥ የጤና ባለሙያዎች ትልቅ ስልጠና ሰጥተዋል። የብሩክ የጤና ተቋም ሰራተኞች በወር ፭፻ አዳዲስ እናቶች ስለ ተገቢ አመጋገብ በሰፊው ተማርተዋል። በስልጠናው ወቅት በከተማዋ ውስጥ የሚገኙ ፳፪ የጤና ጣቢያዎች የህፃናት ክትባት አሰጣጥ ሂደትን እንዲያሻሽሉ መመሪያ ተሰጥቷቸዋል። የጤናው ሚኒስቴር ተወካይ አቶ በቀለ በዝግጅቱ ላይ በመገኘት የእናቶች ጤና ለሀገር እድገት ወሳኝ መሆኑን ገልጸዋል። በዘንድሮው ዓመት በከተማዋ ውስጥ የሚገኙ ፪,፻፶ አዳዲስ ህፃናት በክትባት ፕሮግራም እንዲካተቱ ተቀጥሯል። የጤና ባለሙያዎች በየሳምንቱ ቅዳሜ እና እሁድ ለእናቶች ነፃ የምክር አገልግሎት ለመስጠት ወስነዋል። ይህ ፕሮግራም በከተማዋ ውስጥ ያለውን የህፃናት ሞት መጠን በ፲ በመቶ ለመቀነስ ያለመ ነው። የከተማዋ ነዋሪዎች በዝግጅቱ ላይ በመሳተፍ ለጤናው ዘርፍ አስፈላጊውን ድጋፍ እንዲያደርጉ ተጠይቀዋል።",በሰኔ 12 ቀን በታላቁ አባይ ከተማ የጤና ባለሙያዎች ስለ እናቶች አመጋገብ እና የህፃናት ክትባት አሰጣጥ ስልጠና ሰጥተዋል። ስልጠናው የህፃናትን ክትባት ሂደት ለማሻሻል እና የህፃናትን ሞት በ10 በመቶ ለመቀነስ ያለመ ነው። በተጨማሪም ባለሙያዎች ለእናቶች በየሳምንቱ ቅዳሜ እና እሁድ ነፃ የምክር አገልግሎት ለመስጠት ወስነዋል።,null,,,
summarisation|159#1,summarisation,"ለዚህ ጽሑፍ አጭር ማጠቃለያ ጻፍ።

Context:
በጥቅምት ፭ ቀን በደብረ ማርቆስ ከተማ የሚገኘው የጥበብ ምግብ ማኅበር አዲስ የዳቦ አዘገጃጀት ትምህርት ቤት በይፋ ከፈተ። የማኅበሩ መስራች የሆነው አቶ ተክሌ ለአሥራ ሁለት ወራት የቆየ ጥናት በማድረግ አዲስ ዓይነት የጤናማ ዳቦ አዘገጃጀት አቅርቧል። በዚህ አዲስ ትምህርት ቤት ውስጥ በመጀመሪያው ሳምንት ውስጥ ሰማንያ አዲስ ተማሪዎች ለመመዝገብ ከፍተኛ ፍላጎት አሳይተዋል። ተማሪዎቹ በየቀኑ ለሦስት ሰዓታት የሚቆይ የዳቦ አዘገጃጀት ስልጠና የሚወስዱ ሲሆን ይህም ለሥራ ዝግጁ ያደርጋቸዋል። ማኅበሩ ለተማሪዎቹ አስፈላጊ የሆኑ አምስት ዓይነት የዱቄት ዓይነቶችን እና መሣሪያዎችን በነፃ እንዲጠቀሙ አድርጓል። የከተማዋ ነዋሪዎች ይህ አዲስ ተቋም ለከተማዋ የኢኮኖሚ እድገት ትልቅ አስተዋጽኦ እንደሚያበረክት በታላቅ ተስፋ ይጠብቃሉ።",የጥበብ ምግብ ማኅበር በደብረ ማርቆስ ከተማ አዲስ የዳቦ አዘገጃጀት ትምህርት ቤት በይፋ ከፈተ። ተማሪዎቹ የጤናማ ዳቦ አዘገጃጀት ስልጠና የሚወስዱ ሲሆን፣ ተቋሙ ለከተማዋ የኢኮኖሚ እድገት ትልቅ አስተዋጽኦ ያደርጋል ተብሎ ይጠበቃል።,null,,,
summarisation|46#2,summarisation,"ከዚህ በታች ያለውን ጽሑፍ በ2-3 ዓረፍተ ነገሮች አጠቃልለው።

Context:
በሃያኛው ክፍለ ዘመን አጋማሽ ላይ በአፍሪካ እና በእስያ አገራት ውስጥ የተካሄዱት የነፃነት ትግሎች የዓለምን የፖለቲካ ካርታ ለውጠዋታል። ለረጅም ዓመታት በቅኝ ግዛት ሥር የነበሩ አገራት የራሳቸውን ሉዓላዊነት ለማስከበር ከፍተኛ መስዋዕትነት ከፍለውታል። ይህ የነፃነት እንቅስቃሴ በዓለም አቀፍ ደረጃ የሰው ልጅ መብት እና እኩልነት እንዲከበር ትልቅ ድምፅ ሆኗል። የቅኝ ግዛት አገራት ተጽዕኖ እየቀነሰ መምጣቱ በዓለም አቀፍ የንግድ እና የፖለቲካ ግንኙነት ላይ ለውጥ አመጣ። አዳዲስ የተገነቡ አገራት በዓለም አቀፍ ድርጅቶች ውስጥ ተሳትፎ በማድረግ የራሳቸውን ድምፅ ለማሰማት ሞክረዋል። የኢኮኖሚ ነፃነት ለማግኘት የሚደረጉ ጥረቶችም በአገራቱ የልማት ጉዞ ላይ ትልቅ ተጽዕኖ አሳርፈዋል። የባህል እና የማንነት ጥያቄዎችም በነዚህ አገራት ውስጥ ለለውጥ አስፈላጊ መሠረቶች ሆነው ታይተዋል። በመጨረሻም እነዚህ ታሪካዊ ክስተቶች የአሁኑን የዓለም ፖለቲካዊ መዋቅር ለመገንባት ትልቅ ሚና ተጫውተዋል።",በሃያኛው ክፍለ ዘመን አጋማሽ ላይ በአፍሪካ እና በእስያ የተካሄዱት የነፃነት ትግሎች የዓለምን የፖለቲካ ካርታ እና የቅኝ ግዛት ተጽዕኖ ለውጠዋል። እነዚህ እንቅስቃሴዎች የሰው ልጅ መብት እንዲከበር በማድረግ እና አዳዲስ አገራት በዓለም አቀፍ መድረክ ድምፃቸውን እንዲያሰሙ መንገድ ከፍተዋል። ይህም የአሁኑን የዓለም ፖለቲካዊ መዋቅር ለመገንባት ትልቅ ሚና ተጫውቷል።,null,,,
summarisation|5#0,summarisation,"ከዚህ በታች ያለውን ጽሑፍ በ2-3 ዓረፍተ ነገሮች አጠቃልለው።

Context:
በሃያኛው ክፍለ ዘመን መጀመሪያ ላይ በአውሮፓ አገራት መካከል የነበረው ከፍተኛ የኃይል ፍላጎት እና የድንበር ውዝግብ ለትልቅ ዓለም አቀፍ ጦርነት መነሻ ሆኗል። ታላላቅ መንግሥታት የራሳቸውን ተፅዕኖ ለማስፋፋት ሲሉ የጦር መሣሪያ ዝግጅታቸውን በከፍተኛ ሁኔታ ማሳደግ እና ወታደራዊ ጥንካሬያቸውን ማሳየት ጀመሩ። የኢኮኖሚ ውድቀቶች እና የፖለቲካ አለመረጋጋቶች በተለያዩ አገራት ውስጥ ተከስተው የሰላም ሁኔታ እንዲሻክር እና ውጥረቶች እንዲባባሱ አድርገዋል። የባህር ላይ የንግድ መስመሮችን ለመቆጣጠር የሚደረጉ ሙከራዎች እና የቅሪተ አካል ሀብቶችን ለማግኘት የሚደረጉ ሽሚያዎች ለግጭቱ መፋፋም ትልቅ ሚና ተጫውተዋል። በመጨረሻም በድንገት የተከሰቱ የፖለቲካ ክስተቶች የዓለምን ሰላም አናጋት በማድረግ ሰፊ የሆነ የጦርነት ቀጠና እንዲፈጠር ምክንያት ሆኑ። ይህ ታላቅ ግጭት በብዙ አገራት ውስጥ ከፍተኛ የሆነ የሰው ሕይወት መጥፋት እና የንብረት ውድመት እንዲደርስ አድርጓል። የጦርነቱ መከሰት የአለምን የፖለቲካ መዋቅር ለዘመናት እንዲቀየር እና አዳዲስ የኃይል ማዕከላት እንዲፈጠሩ ምክንያት ሆኗል። የጦርነቱ ውጤት በዓለም አቀፍ ግንኙነት ላይ ከፍተኛ ተፅዕኖ በማሳደር አዳዲስ የሕግ እና የዲፕሎማሲ ሥርዓቶችን እንዲመሰረት አድርጓል። የሰላም ስምምነቶች ለመፍጠር የተደረጉ ጥረቶች በተለያዩ ጊዜያት ቢታገሉም የኃይል ሚዛኑን ለመጠበቅ አስቸጋሪ ሁኔታዎች ተፈጥረዋል። የዓለም አቀፍ ተቋማት እንዲመሰረቱ እና የወደፊት ግጭቶችን ለመከላከል የሚያስችሉ መንገዶች እንዲፈለጉ ጥሪ ተደርጓል። ይህ የታሪክ ምዕልት በሰው ልጅ ታሪክ ውስጥ ትልቅ ለውጥ ያመጣ እና የዓለምን አቅጣጫ የቀየረ ክስተት ነው።",በሃያኛው ክፍለ ዘመን መጀመሪያ ላይ በአውሮፓ አገራት መካከል የነበረው የኃይል ፍላጎት፣ የድንበር ውዝግብ እና ወታደራዊ ዝግጅት ለትልቅ ዓለም አቀፍ ጦርነት መነሻ ሆነዋል። ይህ ግጭት ከፍተኛ የሰው ሕይወት መጥፋት እና የንብረት ውድመት ያስከተለ ሲሆን፣ የአለምን የፖለቲካ መዋቅር በመቀየር አዳዲስ የሕግ እና የዲፕሎማሲ ሥርዓቶች እንዲመሰረቱ ምክንያት ሆኗል።,null,,,
summarisation|75#1,summarisation,"ጽሑፉን አንብበሽ ማጠቃለያውን ጻፊ።

Context:
የመረጃ ማከማቻ መሣሪያዎች በኮምፒውተር ውስጥ አስፈላጊ የሆኑ መረጃዎችን ለረጅም ጊዜ እንዲቆዩ ያደርጋሉ። እነዚህ መሣሪያዎች እንደ ጠንካራ ድራይቭ እና እንደ ተንቀሳቃሽ ጠንካራ ድራይቭ ያሉ የተለያዩ ዓይነቶች አሏቸው። መረጃዎችን በአግባቡ ማከማቸት ለወደፊት ሥራዎች እና ለደህንነት ጥበቃ በጣም ወሳኝ የሆነ ተግባር ነው። ትክክለኛውን የማከማቻ ዘዴ መምረጥ በኮምፒውተር አጠቃቀም ፍጥነት እና በደህንነት ላይ ተጽዕኖ ያሳድራል። አዳዲስ የቴክኖሎጂ ውጤቶች መረጃዎችን በትንሽ ቦታ እና በከፍተኛ ጥራት ለማስቀመጥ የሚያስችሉ መፍትሔዎችን እያመጡ ነው። ስለዚህ ተጠቃሚዎች እንደ ፍላጎታቸው እና እንደ ሥራቸው ዓይነት ተገቢውን መሣሪያ መምረጥ ይኖርባቸዋል።",የመረጃ ማከማቻ መሣሪያዎች አስፈላጊ መረጃዎችን ለረጅም ጊዜ ለማስቀመጥና ለመጠበቅ የሚያገለግሉ ሲሆኑ፣ እንደ ጠንካራ ድራይቭ ያሉ የተለያዩ ዓይነቶች አሏቸው። ተጠቃሚዎች እንደ ሥራቸው ዓይነትና እንደ ፍላጎታቸው ተገቢውን የማከማቻ ዘዴ መምረጥ ይኖርባቸዋል።,null,,,
summarisation|131#1,summarisation,"የሚከተለውን ጽሑፍ ዋና ዋና ነጥቦች ብቻ በመያዝ አጭር አድርገህ ግለጽ።

Context:
በጥቅምት 5 ቀን 2015 ዓ.ም በሰሜን አውራጃ የሚገኘው የልማት ድርጅት ለሕፃናት የተመጣጠነ ምግብ አቅርቦት ፕሮግራም መጀመሩን አስታውቋል። በድርጅቱ ዋና ሥራ አስፈጻሚ አቶ ካሳሁን ደመሰኝ እንደገለጹት ይህ ፕሮግራም በክልሉ የሚገኙ 1200 ሕፃናትን ታሳቢ ያደረገ ነው። ፕሮግራሙ በዋናነት በየቀኑ በቂ ፕሮቲን እና ማዕድናት የሚያገኙ ሕፃናትን ለማፍራት ያለመ መሆኑን በዝርዝር አብራርተዋል። በክልሉ በሚገኙ የጤና ጣቢያዎች አማካኝነት ለወላጆች ስለ ትክክለኛ የአመጋገብ ዘዴዎች ልዩ ሥልጠና ይሰጣል። በሥልጠናው ወቅት በምግብ ዝግጅት ወቅት የሚደረጉ ስህተቶች እና የንጽህና አጠባበቅ አስፈላጊነት በሰፊው ተብራርቷል። በክልሉ የሚገኙ የግብርና ባለሙያዎችም ለሕፃናት የሚሆኑ አትክልቶችን በብዛት ለማምረት አዲስ ዘዴን አስተዋውቀዋል። የፕሮግራሙ ዓላማ በሕፃናት ላይ የሚታዩ የዕድገት መዘግየቶችን እና የሥጋት ሁኔታዎችን በከፍተኛ ሁኔታ መቀነስ ነው። በየሳምንቱ የሚከናወኑ የክትባት እና የጤና ምርመራዎች ከምግብ አቅርቦት ፕሮግራሙ ጋር ተቀናጅተው እንዲሰሩ ተደርጓል። በክልሉ የሚገኙ የአካባቢ መሪዎችም ለዚህ ፕሮግራም አስፈላጊውን ድጋፍ እና ግብዓት ለማቅረብ ቃል ገብተዋል። የሕፃናት ጤናን ለመጠበቅ በቤተሰብ ደረጃ የሚደረጉ ጥረቶች ከክልሉ የልማት ዕቅድ ጋር የተጣጣሙ ናቸው። በቅርቡ በክልሉ ውስጥ የሚገኙ አዳዲስ የጤና ማዕከላት ለዚህ ፕሮግራም ተጨማሪ ግብዓቶችን እንደሚያቀርቡ ተገልጿል። ይህ የተቀናጀ እንቅስቃሴ በሕፃናት ጤና ላይ ትልቅ ለውጥ እንደሚያመጣ ተስፋ ተጥሎበታል።",በጥቅምት 5 ቀን 2015 ዓ.ም (በኢትዮጵያ አቆጣጠር) የሰሜን አውራጃ የልማት ድርጅት 1200 ሕፃናትን ታሳቢ ያደረገ የተመጣጠነ ምግብ አቅርቦት ፕሮግራም መጀመሩን አስታውቋል። ፕሮግራሙ በምግብ አቅርቦት፣ በወላጆች ሥልጠና፣ በአዲስ የግብርና ዘዴ እና ከክትባት ጋር በተቀናጀ የጤና ምርመራ አማካኝነት የሕፃናትን የዕድገት መዘግየት ለመቀነስ ያለመ ነው።,null,,,
